Date,EnergyMet,HydroGen,WindGen,SolarGen,Coal,Lignite,Nuclear,Gas,RES
2020-01-01,3380.0,280.0,123.0,111.0,2571.0,78.0,110.0,106.0,320.0
2020-01-02,3383.0,298.0,91.0,109.0,2601.0,81.0,110.0,104.0,287.0
2020-01-03,3390.0,295.0,64.0,118.0,2627.0,86.0,101.0,106.0,267.0
2020-01-04,3388.0,299.0,53.0,122.0,2680.0,81.0,101.0,107.0,211.0
2020-01-05,3271.0,273.0,91.0,112.0,2531.0,84.0,97.0,96.0,282.0
2020-01-06,3397.0,307.0,124.0,105.0,2593.0,78.0,97.0,97.0,316.0
2020-01-07,3442.0,307.0,98.0,96.0,2663.0,76.0,97.0,101.0,286.0
2020-01-08,3391.0,271.0,83.0,122.0,2651.0,77.0,97.0,99.0,289.0
2020-01-09,3403.0,289.0,102.0,139.0,2601.0,75.0,95.0,98.0,330.0
2020-01-10,3455.0,274.0,171.0,143.0,2582.0,74.0,95.0,105.0,409.0
2020-01-11,3457.0,273.0,128.0,138.0,2619.0,76.0,98.0,107.0,355.0
2020-01-12,3364.0,256.0,82.0,137.0,2607.0,74.0,92.0,103.0,301.0
2020-01-13,3421.0,297.0,59.0,128.0,2666.0,81.0,92.0,99.0,272.0
2020-01-14,3376.0,305.0,42.0,149.0,2609.0,80.0,98.0,96.0,272.0
2020-01-15,3301.0,269.0,94.0,150.0,2510.0,77.0,108.0,94.0,328.0
2020-01-16,3265.0,276.0,88.0,144.0,2469.0,79.0,92.0,95.0,321.0
2020-01-17,3349.0,290.0,54.0,146.0,2568.0,83.0,89.0,104.0,277.0
2020-01-18,3377.0,287.0,78.0,138.0,2591.0,81.0,97.0,102.0,295.0
2020-01-19,3270.0,269.0,115.0,135.0,2445.0,80.0,92.0,97.0,334.0
2020-01-20,3459.0,309.0,90.0,136.0,2605.0,86.0,83.0,111.0,312.0
2020-01-21,3527.0,301.0,102.0,151.0,2656.0,84.0,89.0,114.0,334.0
2020-01-22,3534.0,283.0,197.0,150.0,2570.0,80.0,96.0,105.0,447.0
2020-01-23,3544.0,291.0,173.0,141.0,2595.0,86.0,96.0,100.0,420.0
2020-01-24,3576.0,306.0,102.0,158.0,2685.0,85.0,97.0,103.0,348.0
2020-01-25,3567.0,314.0,49.0,151.0,2692.0,89.0,97.0,111.0,277.0
2020-01-26,3347.0,274.0,38.0,154.0,2569.0,85.0,94.0,97.0,270.0
2020-01-27,3507.0,295.0,87.0,139.0,2683.0,82.0,96.0,103.0,305.0
2020-01-28,3548.0,298.0,100.0,136.0,2711.0,78.0,97.0,104.0,312.0
2020-01-29,3534.0,307.0,47.0,139.0,2744.0,83.0,97.0,100.0,266.0
2020-01-30,3553.0,312.0,57.0,161.0,2732.0,89.0,97.0,105.0,289.0
2020-01-31,3580.0,305.0,62.0,163.0,2744.0,91.0,97.0,102.0,299.0
2020-02-01,3524.0,279.0,100.0,156.0,2663.0,92.0,96.0,102.0,337.0
2020-02-02,3421.0,260.0,148.0,144.0,2544.0,83.0,97.0,102.0,378.0
2020-02-03,3548.0,301.0,92.0,151.0,2654.0,85.0,96.0,113.0,329.0
2020-02-04,3590.0,292.0,80.0,144.0,2757.0,81.0,96.0,111.0,304.0
2020-02-05,3609.0,291.0,86.0,148.0,2767.0,78.0,97.0,112.0,314.0
2020-02-06,3632.0,299.0,86.0,159.0,2797.0,80.0,97.0,107.0,318.0
2020-02-07,3636.0,298.0,87.0,151.0,2802.0,87.0,91.0,114.0,311.0
2020-02-08,3596.0,286.0,126.0,136.0,2717.0,96.0,88.0,112.0,351.0
2020-02-09,3439.0,264.0,127.0,144.0,2601.0,93.0,84.0,108.0,348.0
2020-02-10,3552.0,269.0,142.0,139.0,2680.0,92.0,89.0,115.0,365.0
2020-02-11,3645.0,292.0,156.0,140.0,2724.0,98.0,98.0,114.0,384.0
2020-02-12,3666.0,301.0,145.0,142.0,2759.0,96.0,84.0,115.0,376.0
2020-02-13,3671.0,287.0,84.0,154.0,2836.0,96.0,80.0,123.0,321.0
2020-02-14,3669.0,300.0,59.0,172.0,2843.0,93.0,79.0,120.0,304.0
2020-02-15,3655.0,298.0,31.0,171.0,2869.0,87.0,81.0,124.0,276.0
2020-02-16,3571.0,265.0,81.0,174.0,2754.0,82.0,93.0,116.0,330.0
2020-02-17,3699.0,296.0,106.0,176.0,2798.0,90.0,94.0,126.0,362.0
2020-02-18,3745.0,305.0,71.0,175.0,2875.0,93.0,100.0,137.0,317.0
2020-02-19,3757.0,314.0,86.0,165.0,2869.0,92.0,99.0,129.0,326.0
2020-02-20,3718.0,313.0,148.0,164.0,2770.0,92.0,100.0,128.0,386.0
2020-02-21,3599.0,294.0,148.0,158.0,2672.0,94.0,100.0,114.0,388.0
2020-02-22,3609.0,288.0,159.0,161.0,2669.0,98.0,101.0,113.0,400.0
2020-02-23,3506.0,286.0,133.0,164.0,2618.0,90.0,101.0,107.0,366.0
2020-02-24,3617.0,322.0,93.0,153.0,2744.0,90.0,100.0,122.0,318.0
2020-02-25,3634.0,318.0,62.0,152.0,2770.0,94.0,100.0,124.0,286.0
2020-02-26,3632.0,315.0,75.0,160.0,2789.0,88.0,100.0,126.0,302.0
2020-02-27,3630.0,327.0,87.0,155.0,2732.0,78.0,101.0,134.0,314.0
2020-02-28,3683.0,332.0,115.0,157.0,2734.0,74.0,100.0,147.0,344.0
2020-02-29,3587.0,326.0,104.0,153.0,2700.0,77.0,100.0,138.0,326.0
2020-03-01,3378.0,269.0,102.0,155.0,2514.0,79.0,100.0,138.0,326.0
2020-03-02,3565.0,306.0,64.0,153.0,2712.0,86.0,104.0,139.0,291.0
2020-03-03,3635.0,330.0,83.0,153.0,2750.0,85.0,106.0,141.0,316.0
2020-03-04,3591.0,317.0,115.0,158.0,2679.0,79.0,105.0,136.0,351.0
2020-03-05,3533.0,320.0,129.0,147.0,2617.0,76.0,105.0,139.0,355.0
2020-03-06,3387.0,295.0,129.0,135.0,2514.0,73.0,106.0,125.0,340.0
2020-03-07,3410.0,291.0,46.0,147.0,2626.0,83.0,105.0,118.0,266.0
2020-03-08,3349.0,287.0,68.0,152.0,2541.0,79.0,106.0,123.0,292.0
2020-03-09,3383.0,294.0,93.0,144.0,2518.0,84.0,105.0,127.0,322.0
2020-03-10,3084.0,271.0,137.0,162.0,2220.0,73.0,105.0,101.0,370.0
2020-03-11,3217.0,299.0,136.0,148.0,2337.0,78.0,105.0,94.0,365.0
2020-03-12,3391.0,317.0,119.0,153.0,2501.0,84.0,105.0,105.0,350.0
2020-03-13,3434.0,321.0,78.0,162.0,2547.0,87.0,105.0,127.0,312.0
2020-03-14,3413.0,310.0,100.0,161.0,2515.0,85.0,110.0,141.0,335.0
2020-03-15,3316.0,287.0,134.0,158.0,2399.0,84.0,118.0,135.0,367.0
2020-03-16,3494.0,332.0,132.0,164.0,2501.0,86.0,121.0,146.0,377.0
2020-03-17,3586.0,325.0,116.0,168.0,2601.0,89.0,123.0,154.0,357.0
2020-03-18,3605.0,315.0,75.0,176.0,2670.0,89.0,126.0,154.0,321.0
2020-03-19,3594.0,315.0,65.0,165.0,2698.0,87.0,127.0,152.0,294.0
2020-03-20,3565.0,309.0,116.0,166.0,2589.0,88.0,128.0,137.0,349.0
2020-03-21,3495.0,303.0,88.0,174.0,2538.0,87.0,129.0,159.0,325.0
2020-03-22,3030.0,265.0,61.0,159.0,2211.0,76.0,127.0,131.0,276.0
2020-03-23,3113.0,291.0,60.0,157.0,2311.0,75.0,122.0,118.0,270.0
2020-03-24,2975.0,288.0,71.0,155.0,2149.0,76.0,121.0,128.0,275.0
2020-03-25,2777.0,272.0,88.0,148.0,1945.0,76.0,121.0,132.0,280.0
2020-03-26,2652.0,297.0,121.0,139.0,1801.0,72.0,117.0,114.0,302.0
2020-03-27,2592.0,298.0,89.0,154.0,1744.0,73.0,116.0,123.0,287.0
2020-03-28,2629.0,304.0,76.0,178.0,1742.0,75.0,123.0,130.0,300.0
2020-03-29,2640.0,334.0,83.0,174.0,1728.0,75.0,123.0,126.0,299.0
2020-03-30,2665.0,339.0,99.0,174.0,1727.0,78.0,122.0,136.0,316.0
2020-03-31,2705.0,322.0,118.0,166.0,1769.0,85.0,119.0,137.0,331.0
2020-04-01,2731.0,332.0,89.0,170.0,1799.0,85.0,115.0,148.0,306.0
2020-04-02,2787.0,328.0,81.0,175.0,1879.0,82.0,115.0,150.0,311.0
2020-04-03,2794.0,330.0,96.0,173.0,1869.0,77.0,113.0,161.0,320.0
2020-04-04,2791.0,325.0,74.0,159.0,1901.0,80.0,111.0,154.0,293.0
2020-04-05,2752.0,319.0,97.0,156.0,1851.0,75.0,111.0,154.0,311.0
2020-04-06,2757.0,296.0,79.0,156.0,1895.0,78.0,110.0,155.0,294.0
2020-04-07,2727.0,301.0,113.0,150.0,1835.0,75.0,115.0,156.0,318.0
2020-04-08,2717.0,300.0,92.0,166.0,1838.0,78.0,115.0,146.0,303.0
2020-04-09,2695.0,291.0,85.0,159.0,1846.0,78.0,115.0,146.0,299.0
2020-04-10,2717.0,301.0,75.0,163.0,1865.0,82.0,115.0,136.0,287.0
2020-04-11,2800.0,329.0,69.0,171.0,1924.0,85.0,116.0,132.0,290.0
2020-04-12,2819.0,348.0,84.0,163.0,1908.0,86.0,114.0,127.0,307.0
2020-04-13,2913.0,360.0,117.0,159.0,1955.0,81.0,105.0,143.0,342.0
2020-04-14,2977.0,371.0,125.0,156.0,1985.0,77.0,106.0,167.0,346.0
2020-04-15,2938.0,388.0,94.0,159.0,1965.0,77.0,106.0,160.0,318.0
2020-04-16,2969.0,388.0,104.0,150.0,1993.0,78.0,107.0,162.0,319.0
2020-04-17,2986.0,397.0,109.0,151.0,1985.0,74.0,107.0,166.0,324.0
2020-04-18,2908.0,368.0,102.0,162.0,1958.0,78.0,106.0,148.0,321.0
2020-04-19,2862.0,367.0,101.0,160.0,1931.0,73.0,112.0,136.0,317.0
2020-04-20,2864.0,357.0,118.0,150.0,1937.0,70.0,115.0,127.0,333.0
2020-04-21,2789.0,342.0,72.0,163.0,1919.0,73.0,116.0,129.0,297.0
2020-04-22,2900.0,368.0,94.0,158.0,1959.0,75.0,116.0,132.0,318.0
2020-04-23,2920.0,369.0,129.0,157.0,1964.0,72.0,115.0,111.0,352.0
2020-04-24,2917.0,361.0,155.0,152.0,1944.0,73.0,115.0,118.0,381.0
2020-04-25,2895.0,373.0,179.0,165.0,1883.0,71.0,115.0,121.0,411.0
2020-04-26,2742.0,363.0,99.0,160.0,1812.0,70.0,115.0,132.0,320.0
2020-04-27,2739.0,374.0,112.0,169.0,1773.0,68.0,112.0,132.0,343.0
2020-04-28,2835.0,416.0,84.0,154.0,1866.0,72.0,115.0,130.0,308.0
2020-04-29,2861.0,406.0,91.0,137.0,1918.0,73.0,115.0,129.0,285.0
2020-04-30,2955.0,406.0,101.0,152.0,1989.0,76.0,108.0,133.0,320.0
2020-05-01,2928.0,412.0,141.0,162.0,1899.0,75.0,103.0,142.0,374.0
2020-05-02,2997.0,450.0,147.0,171.0,1936.0,73.0,101.0,133.0,386.0
2020-05-03,2961.0,452.0,144.0,161.0,1891.0,76.0,107.0,132.0,373.0
2020-05-04,3000.0,454.0,131.0,157.0,1933.0,78.0,115.0,136.0,355.0
2020-05-05,3050.0,449.0,93.0,168.0,2006.0,78.0,115.0,153.0,326.0
2020-05-06,3050.0,453.0,121.0,153.0,2007.0,72.0,115.0,140.0,349.0
2020-05-07,3068.0,442.0,108.0,161.0,2050.0,75.0,116.0,139.0,337.0
2020-05-08,3193.0,445.0,100.0,162.0,2179.0,68.0,115.0,148.0,331.0
2020-05-09,3287.0,469.0,104.0,160.0,2244.0,70.0,111.0,153.0,335.0
2020-05-10,3072.0,428.0,118.0,151.0,2064.0,70.0,106.0,154.0,332.0
2020-05-11,3065.0,432.0,108.0,155.0,2042.0,73.0,106.0,152.0,324.0
2020-05-12,3248.0,463.0,82.0,163.0,2236.0,76.0,98.0,148.0,303.0
2020-05-13,3313.0,461.0,96.0,148.0,2283.0,78.0,110.0,151.0,319.0
2020-05-14,3320.0,465.0,76.0,152.0,2314.0,81.0,107.0,150.0,306.0
2020-05-15,3372.0,449.0,104.0,157.0,2347.0,79.0,105.0,160.0,334.0
2020-05-16,3410.0,482.0,118.0,146.0,2339.0,72.0,107.0,161.0,339.0
2020-05-17,3349.0,482.0,148.0,146.0,2245.0,68.0,107.0,154.0,376.0
2020-05-18,3397.0,470.0,194.0,141.0,2252.0,70.0,108.0,169.0,414.0
2020-05-19,3406.0,466.0,248.0,143.0,2217.0,68.0,107.0,162.0,475.0
2020-05-20,3375.0,447.0,268.0,158.0,2157.0,72.0,109.0,157.0,511.0
2020-05-21,3423.0,509.0,251.0,166.0,2161.0,76.0,99.0,154.0,508.0
2020-05-22,3569.0,567.0,268.0,161.0,2257.0,80.0,90.0,150.0,526.0
2020-05-23,3656.0,593.0,229.0,156.0,2360.0,86.0,91.0,159.0,477.0
2020-05-24,3675.0,576.0,231.0,155.0,2404.0,81.0,91.0,150.0,476.0
2020-05-25,3740.0,585.0,225.0,155.0,2450.0,81.0,93.0,152.0,472.0
2020-05-26,3775.0,557.0,263.0,156.0,2477.0,78.0,102.0,145.0,513.0
2020-05-27,3705.0,526.0,301.0,156.0,2377.0,75.0,118.0,137.0,552.0
2020-05-28,3541.0,503.0,324.0,156.0,2194.0,73.0,118.0,138.0,576.0
2020-05-29,3488.0,497.0,297.0,152.0,2187.0,71.0,118.0,136.0,544.0
2020-05-30,3403.0,515.0,190.0,140.0,2206.0,74.0,118.0,152.0,421.0
2020-05-31,3193.0,508.0,131.0,141.0,2079.0,71.0,110.0,152.0,353.0
2020-06-01,3247.0,526.0,114.0,136.0,2155.0,69.0,110.0,152.0,324.0
2020-06-02,3260.0,498.0,145.0,143.0,2160.0,66.0,111.0,151.0,362.0
2020-06-03,3209.0,497.0,161.0,128.0,2119.0,69.0,109.0,144.0,355.0
2020-06-04,3183.0,505.0,181.0,129.0,2053.0,74.0,110.0,139.0,384.0
2020-06-05,3164.0,523.0,213.0,131.0,1977.0,77.0,110.0,132.0,422.0
2020-06-06,3248.0,538.0,226.0,147.0,2001.0,80.0,110.0,140.0,454.0
2020-06-07,3220.0,529.0,235.0,139.0,1978.0,76.0,111.0,149.0,457.0
2020-06-08,3442.0,587.0,235.0,151.0,2138.0,81.0,111.0,145.0,461.0
2020-06-09,3618.0,623.0,236.0,152.0,2262.0,80.0,112.0,164.0,458.0
2020-06-10,3683.0,606.0,259.0,133.0,2330.0,85.0,110.0,166.0,469.0
2020-06-11,3598.0,575.0,257.0,107.0,2311.0,83.0,110.0,175.0,430.0
2020-06-12,3572.0,585.0,236.0,116.0,2283.0,83.0,107.0,183.0,424.0
2020-06-13,3548.0,610.0,227.0,117.0,2246.0,76.0,110.0,171.0,420.0
2020-06-14,3474.0,598.0,237.0,129.0,2154.0,75.0,110.0,169.0,444.0
2020-06-15,3640.0,629.0,272.0,136.0,2240.0,82.0,110.0,182.0,488.0
2020-06-16,3688.0,638.0,282.0,129.0,2275.0,82.0,110.0,178.0,491.0
2020-06-17,3694.0,651.0,311.0,125.0,2269.0,79.0,110.0,173.0,513.0
2020-06-18,3731.0,640.0,330.0,128.0,2273.0,82.0,109.0,173.0,531.0
2020-06-19,3767.0,658.0,344.0,135.0,2264.0,85.0,110.0,167.0,559.0
2020-06-20,3720.0,644.0,330.0,141.0,2233.0,85.0,113.0,166.0,554.0
2020-06-21,3549.0,637.0,301.0,120.0,2146.0,78.0,113.0,163.0,491.0
2020-06-22,3626.0,680.0,262.0,132.0,2222.0,87.0,113.0,158.0,464.0
2020-06-23,3734.0,691.0,221.0,140.0,2358.0,86.0,113.0,154.0,429.0
2020-06-24,3741.0,712.0,138.0,141.0,2431.0,87.0,113.0,157.0,346.0
2020-06-25,3703.0,698.0,136.0,140.0,2422.0,83.0,111.0,154.0,359.0
2020-06-26,3669.0,666.0,171.0,141.0,2377.0,81.0,112.0,157.0,383.0
2020-06-27,3707.0,661.0,211.0,137.0,2373.0,80.0,112.0,153.0,426.0
2020-06-28,3637.0,659.0,218.0,132.0,2301.0,77.0,112.0,143.0,430.0
2020-06-29,3673.0,669.0,167.0,138.0,2403.0,80.0,112.0,151.0,370.0
2020-06-30,3740.0,667.0,138.0,131.0,2500.0,74.0,111.0,161.0,337.0
2020-07-01,3836.0,665.0,217.0,139.0,2525.0,62.0,104.0,144.0,431.0
2020-07-02,3900.0,632.0,281.0,140.0,2556.0,51.0,104.0,154.0,494.0
2020-07-03,3890.0,647.0,305.0,134.0,2516.0,52.0,105.0,156.0,519.0
2020-07-04,3736.0,633.0,289.0,124.0,2405.0,52.0,102.0,155.0,489.0
2020-07-05,3304.0,597.0,246.0,100.0,2050.0,47.0,105.0,141.0,422.0
2020-07-06,3498.0,631.0,303.0,107.0,2151.0,47.0,105.0,143.0,489.0
2020-07-07,3556.0,631.0,282.0,125.0,2220.0,53.0,105.0,142.0,492.0
2020-07-08,3596.0,664.0,219.0,128.0,2299.0,56.0,101.0,136.0,431.0
2020-07-09,3635.0,656.0,171.0,123.0,2415.0,56.0,101.0,146.0,367.0
2020-07-10,3652.0,622.0,232.0,121.0,2399.0,56.0,104.0,150.0,429.0
2020-07-11,3550.0,603.0,237.0,136.0,2274.0,51.0,108.0,154.0,457.0
2020-07-12,3318.0,593.0,263.0,132.0,2014.0,52.0,109.0,150.0,491.0
2020-07-13,3569.0,646.0,174.0,133.0,2318.0,57.0,106.0,167.0,382.0
2020-07-14,3718.0,668.0,156.0,116.0,2497.0,58.0,105.0,177.0,337.0
2020-07-15,3698.0,643.0,187.0,102.0,2486.0,52.0,106.0,163.0,359.0
2020-07-16,3683.0,626.0,202.0,109.0,2486.0,49.0,106.0,135.0,389.0
2020-07-17,3747.0,623.0,210.0,129.0,2509.0,50.0,106.0,146.0,415.0
2020-07-18,3793.0,657.0,125.0,136.0,2604.0,54.0,106.0,141.0,335.0
2020-07-19,3617.0,621.0,148.0,132.0,2437.0,55.0,106.0,124.0,365.0
2020-07-20,3557.0,636.0,183.0,129.0,2335.0,56.0,106.0,121.0,403.0
2020-07-21,3454.0,645.0,154.0,130.0,2255.0,59.0,92.0,109.0,371.0
2020-07-22,3535.0,634.0,89.0,133.0,2421.0,59.0,84.0,128.0,301.0
2020-07-23,3595.0,642.0,112.0,118.0,2481.0,55.0,82.0,134.0,309.0
2020-07-24,3643.0,626.0,101.0,129.0,2525.0,53.0,79.0,146.0,304.0
2020-07-25,3638.0,632.0,98.0,123.0,2529.0,59.0,79.0,146.0,292.0
2020-07-26,3620.0,612.0,138.0,138.0,2481.0,51.0,82.0,141.0,350.0
2020-07-27,3883.0,644.0,196.0,154.0,2621.0,52.0,83.0,151.0,436.0
2020-07-28,3931.0,643.0,215.0,138.0,2669.0,59.0,83.0,155.0,432.0
2020-07-29,3810.0,628.0,195.0,122.0,2603.0,51.0,83.0,152.0,406.0
2020-07-30,3725.0,634.0,135.0,136.0,2535.0,49.0,78.0,175.0,356.0
2020-07-31,3785.0,628.0,150.0,128.0,2613.0,47.0,79.0,168.0,361.0
2020-08-01,3710.0,631.0,160.0,131.0,2545.0,47.0,79.0,145.0,373.0
2020-08-02,3638.0,610.0,203.0,136.0,2444.0,51.0,78.0,139.0,429.0
2020-08-03,3662.0,621.0,308.0,124.0,2388.0,47.0,77.0,128.0,516.0
2020-08-04,3698.0,646.0,321.0,118.0,2344.0,53.0,90.0,127.0,522.0
2020-08-05,3621.0,658.0,273.0,105.0,2323.0,55.0,99.0,138.0,456.0
2020-08-06,3593.0,662.0,301.0,116.0,2234.0,49.0,101.0,126.0,511.0
2020-08-07,3771.0,679.0,330.0,112.0,2385.0,51.0,102.0,126.0,535.0
2020-08-08,3840.0,671.0,334.0,113.0,2439.0,58.0,102.0,133.0,552.0
2020-08-09,3668.0,652.0,274.0,99.0,2362.0,62.0,102.0,137.0,466.0
2020-08-10,3678.0,680.0,261.0,94.0,2342.0,60.0,101.0,150.0,446.0
2020-08-11,3688.0,661.0,321.0,117.0,2288.0,53.0,101.0,155.0,531.0
2020-08-12,3612.0,645.0,411.0,110.0,2149.0,56.0,101.0,134.0,623.0
2020-08-13,3506.0,654.0,390.0,96.0,2094.0,59.0,101.0,103.0,585.0
2020-08-14,3520.0,660.0,338.0,100.0,2130.0,64.0,101.0,131.0,533.0
2020-08-15,3367.0,653.0,309.0,88.0,2060.0,63.0,94.0,127.0,483.0
2020-08-16,3343.0,661.0,281.0,87.0,2016.0,59.0,100.0,131.0,452.0
2020-08-17,3555.0,675.0,278.0,101.0,2219.0,61.0,100.0,143.0,471.0
2020-08-18,3625.0,668.0,287.0,116.0,2233.0,60.0,100.0,146.0,495.0
2020-08-19,3479.0,670.0,309.0,113.0,2126.0,57.0,100.0,141.0,493.0
2020-08-20,3339.0,659.0,270.0,101.0,2078.0,57.0,101.0,130.0,423.0
2020-08-21,3322.0,653.0,210.0,130.0,2090.0,60.0,101.0,137.0,388.0
2020-08-22,3343.0,668.0,213.0,145.0,2077.0,55.0,104.0,122.0,407.0
2020-08-23,3307.0,649.0,285.0,144.0,1995.0,56.0,104.0,119.0,479.0
2020-08-24,3499.0,729.0,268.0,139.0,2113.0,58.0,115.0,121.0,457.0
2020-08-25,3633.0,731.0,258.0,151.0,2244.0,59.0,120.0,116.0,460.0
2020-08-26,3679.0,747.0,226.0,142.0,2315.0,62.0,119.0,119.0,417.0
2020-08-27,3626.0,735.0,214.0,138.0,2302.0,63.0,120.0,121.0,396.0
2020-08-28,3598.0,737.0,199.0,156.0,2271.0,61.0,125.0,138.0,402.0
2020-08-29,3603.0,713.0,226.0,137.0,2275.0,54.0,128.0,140.0,414.0
2020-08-30,3453.0,673.0,254.0,151.0,2145.0,53.0,129.0,130.0,458.0
2020-08-31,3596.0,703.0,207.0,147.0,2303.0,42.0,129.0,127.0,405.0
2020-09-01,3659.0,696.0,121.0,149.0,2424.0,57.0,128.0,146.0,322.0
2020-09-02,3660.0,727.0,59.0,115.0,2477.0,66.0,125.0,146.0,228.0
2020-09-03,3711.0,722.0,39.0,145.0,2517.0,62.0,119.0,147.0,235.0
2020-09-04,3781.0,717.0,38.0,151.0,2575.0,58.0,120.0,154.0,242.0
2020-09-05,3791.0,706.0,44.0,154.0,2601.0,56.0,119.0,152.0,254.0
2020-09-06,3631.0,675.0,106.0,164.0,2415.0,54.0,116.0,146.0,320.0
2020-09-07,3765.0,689.0,151.0,166.0,2494.0,49.0,116.0,150.0,368.0
2020-09-08,3871.0,683.0,124.0,157.0,2642.0,50.0,115.0,148.0,333.0
2020-09-09,3957.0,649.0,95.0,161.0,2747.0,56.0,114.0,181.0,308.0
2020-09-10,3956.0,661.0,118.0,148.0,2713.0,59.0,114.0,166.0,316.0
2020-09-11,3939.0,698.0,144.0,144.0,2663.0,59.0,114.0,153.0,337.0
2020-09-12,3896.0,698.0,160.0,137.0,2628.0,60.0,116.0,137.0,346.0
2020-09-13,3725.0,662.0,163.0,111.0,2476.0,65.0,116.0,130.0,325.0
2020-09-14,3823.0,708.0,188.0,110.0,2501.0,65.0,116.0,135.0,346.0
2020-09-15,3866.0,680.0,190.0,135.0,2539.0,67.0,116.0,149.0,373.0
2020-09-16,3902.0,684.0,189.0,134.0,2584.0,67.0,116.0,154.0,365.0
2020-09-17,3872.0,698.0,198.0,145.0,2461.0,66.0,116.0,158.0,392.0
2020-09-18,3917.0,710.0,241.0,137.0,2491.0,64.0,116.0,160.0,426.0
2020-09-19,3918.0,724.0,180.0,121.0,2578.0,72.0,116.0,161.0,347.0
2020-09-20,3743.0,688.0,174.0,121.0,2471.0,69.0,116.0,142.0,346.0
2020-09-21,3763.0,701.0,226.0,132.0,2442.0,60.0,116.0,140.0,403.0
2020-09-22,3780.0,710.0,245.0,141.0,2392.0,62.0,116.0,146.0,433.0
2020-09-23,3725.0,719.0,262.0,142.0,2304.0,61.0,116.0,130.0,450.0
2020-09-24,3737.0,742.0,169.0,156.0,2391.0,66.0,116.0,125.0,369.0
2020-09-25,3771.0,705.0,193.0,147.0,2456.0,59.0,116.0,110.0,383.0
2020-09-26,3643.0,699.0,201.0,111.0,2381.0,52.0,116.0,100.0,351.0
2020-09-27,3529.0,660.0,131.0,159.0,2370.0,54.0,116.0,92.0,329.0
2020-09-28,3732.0,652.0,107.0,178.0,2578.0,55.0,116.0,105.0,326.0
2020-09-29,3772.0,628.0,133.0,148.0,2594.0,58.0,117.0,114.0,320.0
2020-09-30,3714.0,599.0,142.0,138.0,2531.0,56.2,101.2,140.0,365.0
2020-10-01,3703.0,597.0,167.0,154.0,2499.0,58.0,117.0,125.0,362.0
2020-10-02,3627.0,565.0,161.0,167.0,2423.0,63.0,117.0,138.0,372.0
2020-10-03,3709.0,534.0,205.0,156.0,2495.0,65.0,117.0,158.0,402.0
2020-10-04,3617.0,521.0,218.0,146.0,2395.0,63.0,117.0,162.0,411.0
2020-10-05,3719.0,548.0,158.0,167.0,2542.0,64.0,117.0,164.0,368.0
2020-10-06,3758.0,558.0,105.0,178.0,2641.0,61.0,116.0,151.0,324.0
2020-10-07,3817.0,552.0,110.0,163.0,2722.0,62.0,115.0,147.0,312.0
2020-10-08,3794.0,527.0,60.0,161.0,2772.0,59.0,116.0,140.0,263.0
2020-10-09,3809.0,518.0,74.0,155.0,2782.0,58.0,116.0,156.0,272.0
2020-10-10,3737.0,461.0,98.0,148.0,2738.0,55.0,116.0,163.0,291.0
2020-10-11,3518.0,447.0,131.0,114.0,2522.0,53.0,116.0,164.0,289.0
2020-10-12,3611.0,473.0,121.0,133.0,2585.0,58.0,116.0,163.0,301.0
2020-10-13,3648.0,477.0,154.0,128.0,2611.0,59.0,110.0,161.0,327.0
2020-10-14,3642.0,487.0,283.0,125.0,2477.0,56.0,115.0,146.0,454.0
2020-10-15,3661.0,488.0,224.0,169.0,2472.0,60.0,115.0,173.0,447.0
2020-10-16,3690.0,490.0,224.0,149.0,2548.0,50.0,115.0,156.0,422.0
2020-10-17,3665.0,477.0,130.0,153.0,2612.0,51.0,116.0,162.0,328.0
2020-10-18,3476.0,452.0,74.0,137.0,2502.0,53.0,116.0,171.0,256.0
2020-10-19,3561.0,450.0,76.0,144.0,2593.0,52.0,116.0,163.0,265.0
2020-10-20,3563.0,430.0,89.0,137.0,2637.0,48.0,116.0,147.0,269.0
2020-10-21,3525.0,417.0,107.0,130.0,2588.0,49.0,113.0,158.0,279.0
2020-10-22,3509.0,407.0,117.0,145.0,2558.0,54.0,111.0,157.0,305.0
2020-10-23,3464.0,406.0,106.0,158.0,2512.0,49.0,111.0,158.0,307.0
2020-10-24,3405.0,417.0,86.0,168.0,2459.0,42.0,116.0,155.0,298.0
2020-10-25,3195.0,400.0,52.0,165.0,2324.0,44.0,117.0,151.0,259.0
2020-10-26,3299.0,395.0,49.0,159.0,2420.0,48.0,118.0,158.0,259.0
2020-10-27,3406.0,409.0,47.0,167.0,2504.0,53.0,117.0,155.0,258.0
2020-10-28,3437.0,395.0,45.0,167.0,2549.0,57.0,117.0,153.0,256.0
2020-10-29,3442.0,393.0,31.0,153.0,2576.0,63.0,117.0,159.0,229.0
2020-10-30,3460.0,389.0,43.0,164.0,2588.0,63.0,114.0,157.0,254.0
2020-10-31,3477.0,382.0,43.0,160.0,2591.0,64.0,114.0,158.0,249.0
2020-11-01,3336.0,357.0,51.0,163.0,2478.0,67.0,114.0,153.0,260.0
2020-11-02,3470.0,377.0,58.0,166.0,2570.0,66.0,112.0,159.0,275.0
2020-11-03,3496.0,371.0,84.0,166.0,2605.0,64.0,92.0,159.0,301.0
2020-11-04,3463.0,350.0,58.0,160.0,2617.0,56.0,90.0,153.0,269.0
2020-11-05,3411.0,332.0,53.0,165.0,2571.0,56.0,91.0,161.0,267.0
2020-11-06,3436.0,311.0,60.0,154.0,2610.0,59.0,90.0,157.0,274.0
2020-11-07,3427.0,306.0,80.0,154.0,2586.0,61.0,91.0,149.0,293.0
2020-11-08,3300.0,296.0,77.0,152.0,2489.0,60.0,92.0,146.0,288.0
2020-11-09,3407.0,319.0,64.0,169.0,2580.0,61.0,95.0,138.0,291.0
2020-11-10,3419.0,306.0,86.0,171.0,2568.0,67.0,110.0,133.0,314.0
2020-11-11,3407.0,318.0,102.0,165.0,2544.0,64.0,116.0,133.0,326.0
2020-11-12,3427.0,322.0,115.0,124.0,2589.0,65.0,114.0,131.0,295.0
2020-11-13,3339.0,303.0,112.0,124.0,2514.0,68.0,120.0,131.0,288.0
2020-11-14,3009.0,275.0,113.0,150.0,2148.0,67.0,125.0,109.0,318.0
2020-11-15,2812.0,286.0,91.0,125.0,2027.0,64.0,126.0,102.0,269.0
2020-11-16,2874.0,273.0,103.0,141.0,2040.0,67.0,126.0,134.0,307.0
2020-11-17,3100.0,279.0,163.0,128.0,2260.0,66.0,126.0,97.0,345.0
2020-11-18,3213.0,288.0,108.0,151.0,2375.0,69.0,127.0,121.0,316.0
2020-11-19,3266.0,281.0,122.0,157.0,2410.0,70.0,130.0,126.0,335.0
2020-11-20,3291.0,290.0,97.0,167.0,2427.0,66.0,131.0,125.0,324.0
2020-11-21,3271.0,292.0,100.0,180.0,2410.0,66.0,131.0,103.0,339.0
2020-11-22,3181.0,274.0,67.0,166.0,2399.0,63.0,126.0,101.0,291.0
2020-11-23,3273.0,291.0,53.0,148.0,2499.0,59.0,126.0,116.0,258.0
2020-11-24,3332.0,290.0,58.0,141.0,2520.0,63.0,126.0,147.0,266.0
2020-11-25,3294.0,286.0,141.0,123.0,2472.0,51.0,125.0,115.0,320.0
2020-11-26,3178.0,280.0,239.0,91.0,2312.0,49.0,123.0,111.0,381.0
2020-11-27,3221.0,284.0,242.0,112.0,2323.0,57.0,122.0,102.0,408.0
2020-11-28,3231.0,283.0,181.0,126.0,2389.0,56.0,122.0,99.0,359.0
2020-11-29,3191.0,268.0,124.0,123.0,2406.0,57.0,123.0,101.0,302.0
2020-11-30,3304.0,281.0,83.0,154.0,2517.0,59.0,125.0,115.0,292.0
2020-12-01,3349.0,280.0,90.0,168.0,2532.0,56.0,121.0,122.0,320.0
2020-12-02,3398.0,282.0,45.0,160.0,2559.0,60.0,121.0,174.0,280.0
2020-12-03,3390.0,298.0,57.0,128.0,2625.0,54.0,120.0,131.0,248.0
2020-12-04,3413.0,293.0,66.0,136.0,2638.0,51.0,120.0,132.0,264.0
2020-12-05,3393.0,291.0,61.0,143.0,2625.0,51.0,121.0,121.0,270.0
2020-12-06,3260.0,260.0,96.0,143.0,2489.0,54.0,120.0,112.0,303.0
2020-12-07,3355.0,288.0,88.0,128.0,2577.0,59.0,120.0,105.0,278.0
2020-12-08,3394.0,272.0,86.0,140.0,2628.0,51.0,120.0,117.0,287.0
2020-12-09,3416.0,287.0,78.0,143.0,2558.0,67.0,109.0,170.0,297.0
2020-12-10,3419.0,283.0,92.0,173.0,2559.0,65.0,96.0,168.0,338.0
2020-12-11,3354.0,290.0,95.0,148.0,2575.0,62.0,96.0,110.0,308.0
2020-12-12,3277.0,282.0,83.0,156.0,2452.0,62.0,114.0,111.0,306.0
2020-12-13,3213.0,270.0,95.0,148.0,2406.0,59.0,116.0,94.0,309.0
2020-12-14,3325.0,291.0,119.0,151.0,2514.0,64.0,103.0,98.0,336.0
2020-12-15,3409.0,284.0,137.0,151.0,2584.0,65.0,95.0,110.0,352.0
2020-12-16,3441.0,287.0,188.0,124.0,2590.0,60.0,110.0,99.0,372.0
2020-12-17,3477.0,294.0,160.0,132.0,2632.0,57.0,122.0,101.0,360.0
2020-12-18,3532.0,272.0,87.0,190.0,2668.0,65.0,122.0,134.0,356.0
2020-12-19,3512.0,256.0,168.0,154.0,2684.0,60.0,118.0,87.0,388.0
2020-12-20,3398.0,235.0,147.0,148.0,2621.0,63.0,116.0,84.0,361.0
2020-12-21,3517.0,263.0,118.0,168.0,2724.0,64.0,116.0,94.0,353.0
2020-12-22,3575.0,282.0,84.0,162.0,2802.0,65.0,115.0,99.0,313.0
2020-12-23,3609.0,288.0,94.0,161.0,2794.0,69.0,121.0,98.0,321.0
2020-12-24,3628.0,285.0,114.0,166.0,2789.0,72.0,125.0,97.0,347.0
2020-12-25,3615.0,274.0,137.0,161.0,2745.0,75.0,120.0,90.0,365.0
2020-12-26,3620.0,285.0,95.0,168.0,2801.0,76.0,121.0,92.0,331.0
2020-12-27,3490.0,251.0,124.0,166.0,2686.0,67.0,121.0,95.0,356.0
2020-12-28,3594.0,280.0,95.0,165.0,2773.0,77.0,122.0,94.0,329.0
2020-12-29,3642.0,272.0,160.0,160.0,2806.0,77.0,102.0,92.0,392.0
2020-12-30,3666.0,292.0,212.0,161.0,2769.0,72.0,85.0,91.0,442.0
2020-12-31,3627.0,300.0,205.0,126.0,2780.0,66.0,85.0,90.0,400.0
2021-01-01,3549.0,264.0,175.0,146.0,2729.0,68.0,86.0,99.0,390.0
2021-01-02,3536.0,281.0,160.0,129.0,2720.0,64.0,96.0,96.0,359.0
2021-01-03,3380.0,256.0,129.0,129.0,2627.0,58.0,108.0,93.0,327.0
2021-01-04,3445.0,280.0,127.0,127.0,2667.0,62.0,109.0,104.0,323.0
2021-01-05,3436.0,282.0,121.0,111.0,2672.0,67.0,109.0,97.0,301.0
2021-01-06,3451.0,292.0,99.0,102.0,2711.0,69.0,106.0,92.0,271.0
2021-01-07,3454.0,261.0,138.0,104.0,2698.0,58.0,104.0,95.0,310.0
2021-01-08,3471.0,256.0,135.0,132.0,3044.0,60.0,116.0,102.0,336.0
2021-01-09,3421.0,253.0,158.0,113.0,2661.0,59.0,104.0,90.0,339.0
2021-01-10,3356.0,237.0,126.0,144.0,2628.0,58.0,104.0,89.0,339.0
2021-01-11,3515.0,253.0,118.0,140.0,2786.0,60.0,104.0,92.0,325.0
2021-01-12,3573.0,253.0,142.0,152.0,2810.0,62.0,104.0,88.0,362.0
2021-01-13,3575.0,266.0,109.0,158.0,2821.0,56.0,104.0,93.0,335.0
2021-01-14,3434.0,258.0,83.0,154.0,2714.0,64.0,104.0,87.0,307.0
2021-01-15,3462.0,268.0,87.0,163.0,2712.0,64.0,104.0,89.0,315.0
2021-01-16,3547.0,283.0,88.0,159.0,2778.0,65.0,99.0,92.0,311.0
2021-01-17,3511.0,258.0,96.0,173.0,2763.0,63.0,99.0,95.0,334.0
2021-01-18,3636.0,287.0,141.0,159.0,2838.0,62.0,79.0,96.0,364.0
2021-01-19,3706.0,293.0,86.0,167.0,2968.0,55.0,74.0,92.0,319.0
2021-01-20,3754.0,289.0,52.0,177.0,3018.0,71.0,77.0,94.0,296.0
2021-01-21,3762.0,278.0,35.0,177.0,3050.0,72.0,78.0,95.0,279.0
2021-01-22,3811.0,292.0,69.0,165.0,3072.0,66.0,79.0,95.0,302.0
2021-01-23,3795.0,282.0,81.0,166.0,3034.0,69.0,88.0,97.0,313.0
2021-01-24,3682.0,267.0,90.0,178.0,2922.0,64.0,89.0,93.0,336.0
2021-01-25,3729.0,265.0,112.0,183.0,2944.0,61.0,88.0,96.0,363.0
2021-01-26,3590.0,255.0,98.0,186.0,2831.0,62.0,89.0,92.0,349.0
2021-01-27,3723.0,273.0,105.0,184.0,2929.0,68.0,88.0,96.0,353.0
2021-01-28,3795.0,267.0,120.0,181.0,2997.0,66.0,84.0,96.0,363.0
2021-01-29,3815.0,266.0,113.0,177.0,3044.0,69.0,79.0,94.0,356.0
2021-01-30,3813.0,265.0,85.0,181.0,3053.0,68.0,77.0,97.0,333.0
2021-01-31,3707.0,248.0,81.0,182.0,2963.0,66.0,77.0,96.0,328.0
2021-02-01,3779.0,260.0,103.0,187.0,2996.0,66.0,77.0,97.0,351.0
2021-02-02,3812.0,262.0,102.0,184.0,3031.0,71.0,87.0,96.0,355.0
2021-02-03,3809.0,274.0,96.0,181.0,3105.0,76.0,87.0,96.0,342.0
2021-02-04,3740.0,267.0,125.0,183.0,2934.0,76.0,79.0,95.0,372.0
2021-02-05,3756.0,273.0,128.0,188.0,2913.0,82.0,81.0,98.0,380.0
2021-02-06,3745.0,276.0,142.0,194.0,2891.0,80.0,80.0,98.0,402.0
2021-02-07,3620.0,239.0,138.0,190.0,2820.0,78.0,80.0,93.0,395.0
2021-02-08,3739.0,279.0,129.0,200.0,2884.0,74.0,83.0,98.0,397.0
2021-02-09,3795.0,284.0,81.0,195.0,2985.0,74.0,81.0,100.0,344.0
2021-02-10,3790.0,277.0,53.0,201.0,3015.0,77.0,81.0,101.0,324.0
2021-02-11,3774.0,272.0,65.0,192.0,2995.0,76.0,81.0,108.0,325.0
2021-02-12,3786.0,266.0,77.0,200.0,2997.0,72.0,78.0,111.0,341.0
2021-02-13,3758.0,268.0,64.0,202.0,2994.0,74.0,77.0,102.0,330.0
2021-02-14,3648.0,256.0,51.0,193.0,2878.0,72.0,83.0,109.0,311.0
2021-02-15,3756.0,273.0,62.0,189.0,2978.0,76.0,80.0,114.0,320.0
2021-02-16,3749.0,266.0,65.0,181.0,2980.0,78.0,80.0,121.0,313.0
2021-02-17,3717.0,266.0,69.0,189.0,2939.0,82.0,83.0,123.0,324.0
2021-02-18,3698.0,263.0,121.0,175.0,2892.0,77.0,86.0,120.0,363.0
2021-02-19,3646.0,259.0,148.0,148.0,2832.0,75.0,90.0,117.0,363.0
2021-02-20,3617.0,249.0,131.0,175.0,2807.0,73.0,91.0,113.0,370.0
2021-02-21,3484.0,245.0,123.0,157.0,2714.0,67.0,91.0,104.0,346.0
2021-02-22,3629.0,265.0,73.0,185.0,2863.0,66.0,91.0,107.0,323.0
2021-02-23,3722.0,286.0,77.0,197.0,2932.0,69.0,91.0,108.0,341.0
2021-02-24,3791.0,289.0,81.0,201.0,2983.0,71.0,91.0,106.0,350.0
2021-02-25,3839.0,312.0,63.0,203.0,3006.0,74.0,91.0,120.0,332.0
2021-02-26,3890.0,304.0,109.0,199.0,3018.0,73.0,91.0,122.0,374.0
2021-02-27,3876.0,298.0,102.0,197.0,3031.0,73.0,91.0,122.0,363.0
2021-02-28,3773.0,270.0,69.0,206.0,2987.0,77.0,91.0,105.0,341.0
2021-03-01,3898.0,299.0,79.0,203.0,3046.0,78.0,90.0,118.0,347.0
2021-03-02,3949.0,302.0,86.0,205.0,3105.0,73.0,91.0,112.0,355.0
2021-03-03,3947.0,279.0,88.0,207.0,3134.0,68.0,91.0,112.0,358.0
2021-03-04,3961.0,275.0,106.0,206.0,3119.0,71.0,91.0,127.0,377.0
2021-03-05,4009.0,290.0,72.0,213.0,3171.0,77.0,90.0,133.0,352.0
2021-03-06,3997.0,315.0,90.0,209.0,3140.0,78.0,77.0,128.0,362.0
2021-03-07,3850.0,260.0,154.0,198.0,3024.0,75.0,68.0,110.0,417.0
2021-03-08,3976.0,297.0,127.0,197.0,3135.0,74.0,72.0,117.0,388.0
2021-03-09,4062.0,305.0,96.0,207.0,3229.0,74.0,86.0,117.0,368.0
2021-03-10,4065.0,296.0,79.0,202.0,3261.0,80.0,81.0,112.0,346.0
2021-03-11,4052.0,286.0,93.0,201.0,3233.0,80.0,84.0,125.0,358.0
2021-03-12,3918.0,265.0,106.0,188.0,3100.0,79.0,85.0,129.0,359.0
2021-03-13,3827.0,271.0,91.0,199.0,3019.0,78.0,93.0,117.0,354.0
2021-03-14,3812.0,264.0,101.0,200.0,3009.0,77.0,95.0,105.0,366.0
2021-03-15,3979.0,291.0,95.0,200.0,3140.0,76.0,89.0,116.0,358.0
2021-03-16,4059.0,326.0,86.0,196.0,3188.0,74.0,88.0,117.0,342.0
2021-03-17,4099.0,328.0,86.0,187.0,3225.0,72.0,88.0,121.0,335.0
2021-03-18,4090.0,304.0,91.0,178.0,3268.0,71.0,86.0,114.0,332.0
2021-03-19,4044.0,293.0,80.0,178.0,3255.0,73.0,83.0,118.0,319.0
2021-03-20,4033.0,276.0,87.0,192.0,3225.0,72.0,83.0,120.0,344.0
2021-03-21,3905.0,234.0,108.0,183.0,3148.0,71.0,78.0,100.0,355.0
2021-03-22,3962.0,283.0,98.0,175.0,3184.0,65.0,84.0,111.0,334.0
2021-03-23,3925.0,287.0,95.0,200.0,3105.0,61.0,86.0,122.0,358.0
2021-03-24,4000.0,282.0,103.0,199.0,3176.0,62.0,89.0,117.0,366.0
2021-03-25,4060.0,293.0,97.0,188.0,3222.0,67.0,96.0,111.0,349.0
2021-03-26,4063.0,300.0,94.0,199.0,3201.0,70.0,98.0,128.0,358.0
2021-03-27,4069.0,291.0,90.0,194.0,3225.0,69.0,95.0,127.0,350.0
2021-03-28,3932.0,253.0,128.0,193.0,3128.0,70.0,93.0,99.0,385.0
2021-03-29,3683.0,243.0,147.0,195.0,2861.0,75.0,109.0,93.0,404.0
2021-03-30,3832.0,262.0,182.0,192.0,2955.0,75.0,93.0,100.0,436.0
2021-03-31,3998.0,267.0,197.0,210.0,3086.0,78.0,93.0,112.0,470.0
2021-04-01,3998.0,300.0,150.0,221.0,3090.0,75.0,89.0,105.0,424.0
2021-04-02,4050.0,307.0,146.0,214.0,3140.0,73.0,90.0,115.0,414.0
2021-04-03,4087.0,292.0,157.0,213.0,3156.0,72.0,89.0,121.0,425.0
2021-04-04,3954.0,265.0,131.0,205.0,3103.0,72.0,94.0,115.0,391.0
2021-04-05,4070.0,293.0,141.0,195.0,3197.0,70.0,101.0,117.0,392.0
2021-04-06,4064.0,302.0,144.0,185.0,3182.0,69.0,101.0,125.0,380.0
2021-04-07,4120.0,325.0,100.0,199.0,3226.0,72.0,103.0,138.0,350.0
2021-04-08,4161.0,310.0,98.0,191.0,3277.0,75.0,99.0,149.0,343.0
2021-04-09,4122.0,289.0,96.0,200.0,3256.0,73.0,108.0,133.0,352.0
2021-04-10,4086.0,274.0,106.0,203.0,3235.0,76.0,108.0,112.0,363.0
2021-04-11,3944.0,253.0,102.0,200.0,3150.0,69.0,97.0,99.0,357.0
2021-04-12,4045.0,275.0,90.0,195.0,3241.0,70.0,97.0,106.0,340.0
2021-04-13,4047.0,251.0,81.0,186.0,3293.0,68.0,97.0,107.0,321.0
2021-04-14,3958.0,246.0,136.0,177.0,3165.0,67.0,107.0,109.0,364.0
2021-04-15,3920.0,249.0,104.0,202.0,3151.0,68.0,107.0,103.0,356.0
2021-04-16,3942.0,252.0,118.0,198.0,3162.0,68.0,107.0,99.0,367.0
2021-04-17,3880.0,276.0,98.0,202.0,3075.0,70.0,97.0,102.0,357.0
2021-04-18,3835.0,261.0,95.0,202.0,3048.0,71.0,107.0,100.0,350.0
2021-04-19,3989.0,294.0,159.0,201.0,3103.0,73.0,89.0,104.0,416.0
2021-04-20,3992.0,277.0,170.0,176.0,3154.0,72.0,84.0,113.0,401.0
2021-04-21,3910.0,294.0,112.0,194.0,3091.0,72.0,85.0,111.0,360.0
2021-04-22,3823.0,293.0,136.0,195.0,2989.0,69.0,90.0,103.0,385.0
2021-04-23,3810.0,309.0,178.0,179.0,2944.0,70.0,91.0,97.0,413.0
2021-04-24,3838.0,318.0,100.0,200.0,2987.0,80.0,100.0,98.0,351.0
2021-04-25,3749.0,303.0,88.0,206.0,2906.0,76.0,116.0,96.0,346.0
2021-04-26,3918.0,300.0,82.0,206.0,3072.0,78.0,120.0,113.0,341.0
2021-04-27,3970.0,306.0,91.0,202.0,3102.0,77.0,122.0,120.0,348.0
2021-04-28,4014.0,318.0,110.0,196.0,3116.0,75.0,113.0,142.0,361.0
2021-04-29,4021.0,334.0,119.0,185.0,3117.0,73.0,109.0,136.0,357.0
2021-04-30,3957.0,323.0,96.0,192.0,3089.0,82.0,109.0,134.0,335.0
2021-05-01,3779.0,308.0,104.0,178.0,2951.0,80.0,112.0,118.0,330.0
2021-05-02,3686.0,299.0,88.0,177.0,2874.0,75.0,113.0,113.0,314.0
2021-05-03,3747.0,322.0,113.0,193.0,2885.0,80.0,113.0,108.0,353.0
2021-05-04,3769.0,348.0,110.0,186.0,2900.0,78.0,117.0,111.0,343.0
2021-05-05,3788.0,380.0,118.0,199.0,2851.0,77.0,118.0,116.0,364.0
2021-05-06,3766.0,414.0,121.0,185.0,2803.0,76.0,118.0,116.0,355.0
2021-05-07,3708.0,391.0,89.0,191.0,2781.0,79.0,118.0,117.0,328.0
2021-05-08,3773.0,388.0,76.0,200.0,2863.0,83.0,116.0,122.0,312.0
2021-05-09,3635.0,369.0,101.0,190.0,2738.0,80.0,109.0,116.0,336.0
2021-05-10,3681.0,360.0,124.0,189.0,2774.0,79.0,110.0,113.0,359.0
2021-05-11,3675.0,362.0,185.0,189.0,2702.0,75.0,111.0,110.0,417.0
2021-05-12,3587.0,395.0,217.0,191.0,2560.0,75.0,103.0,109.0,450.0
2021-05-13,3506.0,433.0,243.0,183.0,2415.0,71.0,103.0,106.0,467.0
2021-05-14,3571.0,417.0,158.0,201.0,2592.0,71.0,104.0,106.0,403.0
2021-05-15,3565.0,382.0,168.0,174.0,2606.0,74.0,115.0,103.0,387.0
2021-05-16,3420.0,350.0,294.0,165.0,2365.0,70.0,123.0,101.0,498.0
2021-05-17,3455.0,369.0,328.0,178.0,2331.0,71.0,124.0,102.0,544.0
2021-05-18,3300.0,375.0,274.0,160.0,2252.0,66.0,125.0,89.0,469.0
2021-05-19,3150.0,394.0,200.0,174.0,2155.0,65.0,125.0,89.0,415.0
2021-05-20,3185.0,430.0,212.0,181.0,2129.0,68.0,125.0,81.0,430.0
2021-05-21,3280.0,450.0,254.0,185.0,2167.0,70.0,128.0,76.0,471.0
2021-05-22,3366.0,450.0,218.0,171.0,2291.0,77.0,130.0,76.0,422.0
2021-05-23,3379.0,425.0,219.0,203.0,2310.0,77.0,130.0,73.0,453.0
2021-05-24,3501.0,439.0,242.0,188.0,2400.0,85.0,130.0,76.0,463.0
2021-05-25,3500.0,410.0,314.0,193.0,2362.0,83.0,121.0,82.0,536.0
2021-05-26,3475.0,391.0,417.0,186.0,2273.0,85.0,106.0,87.0,634.0
2021-05-27,3506.0,449.0,416.0,188.0,2249.0,83.0,106.0,89.0,637.0
2021-05-28,3632.0,528.0,353.0,199.0,2329.0,86.0,110.0,94.0,582.0
2021-05-29,3730.0,544.0,295.0,201.0,2454.0,88.0,115.0,102.0,528.0
2021-05-30,3610.0,515.0,306.0,198.0,2353.0,80.0,121.0,93.0,545.0
2021-05-31,3753.0,522.0,338.0,207.0,2435.0,82.0,128.0,90.0,583.0
2021-06-01,3535.0,507.0,307.0,195.0,2280.0,78.0,125.0,98.0,530.0
2021-06-02,3629.0,497.0,194.0,197.0,2484.0,83.0,122.0,111.0,424.0
2021-06-03,3629.0,486.0,135.0,173.0,2592.0,86.0,119.0,108.0,339.0
2021-06-04,3677.0,479.0,104.0,175.0,2662.0,84.0,120.0,116.0,311.0
2021-06-05,3594.0,468.0,114.0,176.0,2587.0,76.0,125.0,109.0,326.0
2021-06-06,3516.0,467.0,118.0,187.0,2495.0,77.0,125.0,102.0,341.0
2021-06-07,3783.0,521.0,238.0,205.0,2559.0,82.0,125.0,104.0,481.0
2021-06-08,3904.0,534.0,331.0,205.0,2576.0,82.0,124.0,105.0,575.0
2021-06-09,3935.0,563.0,415.0,179.0,2515.0,85.0,124.0,107.0,632.0
2021-06-10,3906.0,556.0,443.0,183.0,2461.0,81.0,127.0,106.0,666.0
2021-06-11,3814.0,575.0,464.0,182.0,2317.0,74.0,128.0,101.0,688.0
2021-06-12,3770.0,591.0,444.0,177.0,2285.0,77.0,128.0,103.0,664.0
2021-06-13,3587.0,606.0,425.0,167.0,2133.0,73.0,128.0,94.0,636.0
2021-06-14,3789.0,636.0,408.0,159.0,2324.0,85.0,128.0,101.0,610.0
2021-06-15,3799.0,616.0,442.0,171.0,2305.0,84.0,128.0,103.0,655.0
2021-06-16,3773.0,631.0,368.0,175.0,2344.0,88.0,123.0,92.0,587.0
2021-06-17,3776.0,625.0,349.0,151.0,2389.0,88.0,122.0,90.0,544.0
2021-06-18,3766.0,611.0,319.0,159.0,2419.0,88.0,120.0,92.0,524.0
2021-06-19,3682.0,589.0,339.0,165.0,2357.0,78.0,110.0,91.0,547.0
2021-06-20,3585.0,580.0,385.0,195.0,2184.0,73.0,107.0,89.0,623.0
2021-06-21,3867.0,646.0,309.0,197.0,2455.0,83.0,119.0,92.0,550.0
2021-06-22,4047.0,669.0,284.0,185.0,2672.0,83.0,97.0,98.0,513.0
2021-06-23,4116.0,648.0,268.0,176.0,2759.0,81.0,99.0,100.0,488.0
2021-06-24,4046.0,614.0,365.0,174.0,2679.0,76.0,103.0,95.0,582.0
2021-06-25,4077.0,612.0,394.0,186.0,2661.0,78.0,107.0,90.0,623.0
2021-06-26,4049.0,620.0,380.0,169.0,2648.0,80.0,106.0,93.0,593.0
2021-06-27,3926.0,617.0,231.0,142.0,2685.0,87.0,107.0,97.0,415.0
2021-06-28,4134.0,641.0,163.0,178.0,2921.0,88.0,106.0,95.0,383.0
2021-06-29,4302.0,658.0,153.0,207.0,3039.0,92.0,105.0,111.0,405.0
2021-06-30,4384.0,661.0,302.0,206.0,2960.0,91.0,106.0,117.0,550.0
2021-07-01,4321.0,669.0,366.0,168.0,2859.0,91.0,108.0,115.0,576.0
2021-07-02,4288.0,667.0,407.0,167.0,2724.0,84.0,109.0,120.0,616.0
2021-07-03,4220.0,668.0,310.0,189.0,2796.0,82.0,109.0,111.0,540.0
2021-07-04,4191.0,657.0,222.0,186.0,2875.0,82.0,106.0,105.0,450.0
2021-07-05,4337.0,692.0,163.0,183.0,3060.0,80.0,105.0,113.0,389.0
2021-07-06,4470.0,692.0,142.0,195.0,3175.0,79.0,105.0,121.0,381.0
2021-07-07,4508.0,680.0,212.0,193.0,3129.0,83.0,107.0,119.0,450.0
2021-07-08,4360.0,648.0,273.0,168.0,3052.0,77.0,108.0,104.0,485.0
2021-07-09,4310.0,653.0,244.0,163.0,3018.0,71.0,109.0,102.0,456.0
2021-07-10,4278.0,632.0,253.0,164.0,3014.0,78.0,109.0,101.0,462.0
2021-07-11,4036.0,612.0,254.0,122.0,2836.0,77.0,109.0,96.0,423.0
2021-07-12,4038.0,615.0,275.0,145.0,2785.0,78.0,101.0,95.0,466.0
2021-07-13,4034.0,612.0,293.0,149.0,2757.0,82.0,99.0,91.0,491.0
2021-07-14,3977.0,644.0,246.0,151.0,2701.0,79.0,99.0,91.0,449.0
2021-07-15,4024.0,667.0,213.0,160.0,2763.0,76.0,100.0,89.0,422.0
2021-07-16,4198.0,695.0,183.0,173.0,2925.0,79.0,103.0,93.0,409.0
2021-07-17,4238.0,679.0,193.0,171.0,2958.0,79.0,104.0,98.0,417.0
2021-07-18,3933.0,647.0,338.0,133.0,2585.0,70.0,104.0,88.0,522.0
2021-07-19,3851.0,630.0,456.0,166.0,2370.0,63.0,104.0,81.0,672.0
2021-07-20,3783.0,627.0,500.0,143.0,2292.0,67.0,105.0,81.0,695.0
2021-07-21,3742.0,634.0,508.0,118.0,2268.0,66.0,105.0,79.0,677.0
2021-07-22,3805.0,663.0,457.0,119.0,2331.0,71.0,105.0,89.0,629.0
2021-07-23,3888.0,678.0,369.0,143.0,2466.0,79.0,105.0,95.0,562.0
2021-07-24,3897.0,690.0,386.0,169.0,2448.0,81.0,105.0,91.0,606.0
2021-07-25,3870.0,667.0,427.0,161.0,2397.0,76.0,105.0,85.0,637.0
2021-07-26,4012.0,685.0,492.0,166.0,2473.0,66.0,100.0,85.0,703.0
2021-07-27,3959.0,660.0,541.0,148.0,2416.0,70.0,101.0,85.0,733.0
2021-07-28,3746.0,665.0,538.0,145.0,2185.0,73.0,101.0,93.0,735.0
2021-07-29,3725.0,684.0,520.0,133.0,2186.0,72.0,101.0,93.0,705.0
2021-07-30,3729.0,705.0,513.0,155.0,2139.0,70.0,101.0,93.0,718.0
2021-07-31,3741.0,710.0,520.0,142.0,2144.0,68.0,101.0,94.0,714.0
2021-08-01,3622.0,718.0,515.0,147.0,2030.0,59.0,101.0,88.0,714.0
2021-08-02,3852.0,744.0,504.0,160.0,2244.0,66.0,96.0,89.0,711.0
2021-08-03,3959.0,751.0,491.0,170.0,2329.0,64.0,97.0,95.0,714.0
2021-08-04,4040.0,751.0,479.0,169.0,2410.0,68.0,99.0,94.0,705.0
2021-08-05,4156.0,759.0,434.0,169.0,2561.0,73.0,100.0,95.0,660.0
2021-08-06,4213.0,766.0,372.0,172.0,2672.0,72.0,100.0,98.0,600.0
2021-08-07,4239.0,778.0,232.0,183.0,2791.0,80.0,95.0,115.0,465.0
2021-08-08,4095.0,745.0,176.0,186.0,2744.0,81.0,97.0,87.0,413.0
2021-08-09,4246.0,730.0,243.0,184.0,2847.0,80.0,97.0,90.0,484.0
2021-08-10,4326.0,735.0,299.0,174.0,2898.0,82.0,97.0,88.0,532.0
2021-08-11,4377.0,748.0,297.0,190.0,2927.0,82.0,87.0,86.0,542.0
2021-08-12,4428.0,736.0,319.0,176.0,2987.0,80.0,66.0,93.0,549.0
2021-08-13,4455.0,739.0,311.0,175.0,3021.0,77.0,66.0,93.0,540.0
2021-08-14,4441.0,690.0,401.0,186.0,2973.0,70.0,65.0,89.0,642.0
2021-08-15,4261.0,729.0,325.0,174.0,2831.0,69.0,70.0,88.0,549.0
2021-08-16,4372.0,739.0,187.0,165.0,3029.0,63.0,87.0,124.0,403.0
2021-08-17,4425.0,713.0,194.0,157.0,3100.0,62.0,95.0,152.0,406.0
2021-08-18,4384.0,692.0,273.0,171.0,3003.0,62.0,96.0,126.0,499.0
2021-08-19,4364.0,693.0,322.0,177.0,2926.0,67.0,96.0,122.0,553.0
2021-08-20,4205.0,706.0,200.0,161.0,2893.0,68.0,96.0,115.0,416.0
2021-08-21,4014.0,695.0,128.0,140.0,2803.0,70.0,96.0,103.0,322.0
2021-08-22,3733.0,622.0,73.0,167.0,2657.0,69.0,96.0,85.0,292.0
2021-08-23,3988.0,687.0,122.0,192.0,2728.0,71.0,99.0,96.0,366.0
2021-08-24,4208.0,712.0,217.0,198.0,2830.0,70.0,92.0,96.0,467.0
2021-08-25,4292.0,719.0,296.0,186.0,2830.0,68.0,90.0,102.0,530.0
2021-08-26,4294.0,725.0,316.0,183.0,2789.0,68.0,90.0,134.0,550.0
2021-08-27,4272.0,731.0,252.0,176.0,2835.0,68.0,92.0,159.0,477.0
2021-08-28,4218.0,720.0,203.0,153.0,2844.0,72.0,91.0,168.0,407.0
2021-08-29,4032.0,658.0,207.0,154.0,2732.0,78.0,87.0,163.0,413.0
2021-08-30,4027.0,650.0,240.0,132.0,2752.0,74.0,84.0,142.0,423.0
2021-08-31,3981.0,649.0,207.0,169.0,2720.0,70.0,88.0,129.0,425.0
2021-09-01,3949.0,650.0,166.0,184.0,2709.0,74.0,88.0,108.0,400.0
2021-09-02,3985.0,676.0,161.0,162.0,2744.0,74.0,95.0,105.0,371.0
2021-09-03,3948.0,652.0,155.0,138.0,2740.0,78.0,110.0,115.0,346.0
2021-09-04,3900.0,609.0,232.0,170.0,2626.0,76.0,120.0,111.0,451.0
2021-09-05,3795.0,584.0,211.0,173.0,2571.0,77.0,123.0,104.0,433.0
2021-09-06,3954.0,604.0,237.0,154.0,2688.0,79.0,123.0,109.0,439.0
2021-09-07,3886.0,611.0,282.0,166.0,2568.0,78.0,123.0,113.0,495.0
2021-09-08,3914.0,639.0,324.0,181.0,2504.0,80.0,121.0,101.0,553.0
2021-09-09,3977.0,643.0,288.0,185.0,2603.0,84.0,120.0,94.0,523.0
2021-09-10,3866.0,631.0,291.0,179.0,2511.0,79.0,120.0,96.0,520.0
2021-09-11,3686.0,653.0,283.0,166.0,2336.0,78.0,120.0,94.0,500.0
2021-09-12,3566.0,670.0,339.0,170.0,2132.0,75.0,120.0,88.0,561.0
2021-09-13,3712.0,720.0,359.0,166.0,2215.0,80.0,120.0,89.0,578.0
2021-09-14,3673.0,729.0,303.0,171.0,2230.0,79.0,120.0,82.0,526.0
2021-09-15,3732.0,747.0,216.0,182.0,2366.0,82.0,122.0,76.0,450.0
2021-09-16,3744.0,695.0,212.0,197.0,2406.0,84.0,124.0,79.0,457.0
2021-09-17,3757.0,661.0,178.0,193.0,2482.0,88.0,123.0,74.0,421.0
2021-09-18,3859.0,694.0,122.0,188.0,2631.0,88.0,114.0,74.0,360.0
2021-09-19,3854.0,678.0,91.0,180.0,2691.0,80.0,114.0,76.0,327.0
2021-09-20,3995.0,696.0,125.0,182.0,2738.0,75.0,114.0,110.0,353.0
2021-09-21,3931.0,658.0,212.0,159.0,2644.0,68.0,114.0,114.0,416.0
2021-09-22,3795.0,660.0,192.0,162.0,2531.0,64.0,113.0,108.0,402.0
2021-09-23,3729.0,648.0,159.0,159.0,2534.0,63.0,115.0,91.0,366.0
2021-09-24,3726.0,689.0,99.0,285.0,2570.0,63.0,113.0,101.0,432.0
2021-09-25,3792.0,665.0,146.0,190.0,2534.0,65.0,118.0,100.0,387.0
2021-09-26,3649.0,618.0,138.0,176.0,2462.0,66.0,123.0,90.0,364.0
2021-09-27,3719.0,586.0,224.0,150.0,2505.0,68.0,123.0,90.0,424.0
2021-09-28,3755.0,602.0,292.0,176.0,2444.0,72.0,123.0,88.0,520.0
2021-09-29,3792.0,636.0,270.0,183.0,2445.0,73.0,128.0,93.0,504.0
2021-09-30,3853.0,659.0,188.0,180.0,2531.0,81.0,129.0,102.0,418.0
2021-10-01,3820.0,649.0,86.0,185.0,2618.0,83.0,128.0,104.0,318.0
2021-10-02,3649.0,618.0,38.0,192.0,2504.0,82.0,129.0,106.0,278.0
2021-10-03,3636.0,622.0,75.0,209.0,2462.0,77.0,129.0,85.0,329.0
2021-10-04,3825.0,655.0,93.0,204.0,2593.0,74.0,128.0,109.0,345.0
2021-10-05,3830.0,630.0,55.0,188.0,2649.0,73.0,128.0,140.0,288.0
2021-10-06,3845.0,595.0,57.0,181.0,2686.0,77.0,129.0,156.0,283.0
2021-10-07,3887.0,599.0,71.0,193.0,2703.0,75.0,131.0,148.0,307.0
2021-10-08,3900.0,579.0,95.0,191.0,2725.0,69.0,120.0,156.0,329.0
2021-10-09,3828.0,576.0,129.0,181.0,2660.0,66.0,124.0,133.0,353.0
2021-10-10,3772.0,551.0,145.0,203.0,2592.0,67.0,132.0,119.0,392.0
2021-10-11,3890.0,570.0,117.0,197.0,2700.0,75.0,132.0,123.0,358.0
2021-10-12,3918.0,576.0,110.0,205.0,2728.0,76.0,132.0,128.0,354.0
2021-10-13,3905.0,554.0,110.0,202.0,2752.0,68.0,133.0,118.0,353.0
2021-10-14,3838.0,519.0,103.0,205.0,2720.0,64.0,132.0,115.0,352.0
2021-10-15,3683.0,484.0,75.0,208.0,2643.0,67.0,129.0,105.0,326.0
2021-10-16,3712.0,506.0,58.0,187.0,2711.0,73.0,121.0,91.0,289.0
2021-10-17,3562.0,509.0,147.0,173.0,2502.0,71.0,123.0,81.0,361.0
2021-10-18,3536.0,529.0,229.0,194.0,2374.0,62.0,123.0,76.0,462.0
2021-10-19,3581.0,570.0,100.0,198.0,2497.0,65.0,123.0,71.0,333.0
2021-10-20,3640.0,571.0,67.0,198.0,2587.0,67.0,123.0,81.0,300.0
2021-10-21,3640.0,569.0,85.0,207.0,2552.0,71.0,124.0,80.0,329.0
2021-10-22,3688.0,563.0,113.0,209.0,2562.0,74.0,127.0,78.0,358.0
2021-10-23,3623.0,544.0,112.0,190.0,2519.0,80.0,128.0,89.0,339.0
2021-10-24,3426.0,518.0,73.0,181.0,2411.0,81.0,133.0,73.0,291.0
2021-10-25,3529.0,510.0,46.0,202.0,2520.0,81.0,134.0,86.0,286.0
2021-10-26,3605.0,516.0,60.0,205.0,2586.0,81.0,133.0,80.0,301.0
2021-10-27,3599.0,502.0,100.0,206.0,2566.0,76.0,133.0,68.0,341.0
2021-10-28,3581.0,507.0,95.0,207.0,2534.0,78.0,133.0,67.0,338.0
2021-10-29,3555.0,502.0,83.0,171.0,2568.0,73.0,134.0,69.0,292.0
2021-10-30,3493.0,482.0,85.0,190.0,2513.0,73.0,134.0,66.0,310.0
2021-10-31,3381.0,460.0,55.0,187.0,2448.0,76.0,134.0,64.0,278.0
2021-11-01,3425.0,433.0,73.0,171.0,2520.0,75.0,134.0,67.0,281.0
2021-11-02,3458.0,419.0,92.0,170.0,2557.0,68.0,134.0,68.0,299.0
2021-11-03,3393.0,416.0,93.0,172.0,2493.0,66.0,134.0,64.0,300.0
2021-11-04,3071.0,386.0,74.0,175.0,2215.0,70.0,134.0,64.0,284.0
2021-11-05,2947.0,395.0,84.0,178.0,2073.0,65.0,133.0,61.0,296.0
2021-11-06,3070.0,407.0,95.0,186.0,2174.0,66.0,129.0,63.0,316.0
2021-11-07,3092.0,406.0,89.0,161.0,2231.0,70.0,129.0,64.0,288.0
2021-11-08,3261.0,410.0,99.0,167.0,2395.0,61.0,129.0,66.0,304.0
2021-11-09,3371.0,388.0,88.0,175.0,2512.0,56.0,129.0,67.0,306.0
2021-11-10,3402.0,393.0,65.0,170.0,2577.0,56.0,129.0,66.0,277.0
2021-11-11,3359.0,378.0,130.0,147.0,2514.0,59.0,124.0,59.0,317.0
2021-11-12,3407.0,375.0,164.0,142.0,2531.0,68.0,125.0,57.0,344.0
2021-11-13,3409.0,366.0,123.0,156.0,2568.0,70.0,128.0,64.0,312.0
2021-11-14,3324.0,337.0,97.0,161.0,2524.0,70.0,129.0,64.0,303.0
2021-11-15,3433.0,351.0,117.0,166.0,2583.0,66.0,130.0,66.0,329.0
2021-11-16,3467.0,335.0,164.0,164.0,2579.0,66.0,129.0,65.0,381.0
2021-11-17,3458.0,350.0,151.0,143.0,2617.0,65.0,114.0,66.0,338.0
2021-11-18,3411.0,361.0,121.0,112.0,2629.0,71.0,105.0,67.0,279.0
2021-11-19,3328.0,314.0,166.0,119.0,2545.0,65.0,104.0,68.0,330.0
2021-11-20,3341.0,317.0,164.0,140.0,2538.0,67.0,102.0,67.0,347.0
2021-11-21,3208.0,308.0,133.0,158.0,2421.0,70.0,103.0,66.0,335.0
2021-11-22,3355.0,321.0,84.0,184.0,2583.0,66.0,103.0,59.0,313.0
2021-11-23,3434.0,325.0,34.0,188.0,2695.0,70.0,103.0,62.0,268.0
2021-11-24,3465.0,320.0,45.0,181.0,2719.0,76.0,110.0,64.0,271.0
2021-11-25,3473.0,312.0,65.0,183.0,2708.0,71.0,120.0,71.0,294.0
2021-11-26,3486.0,322.0,59.0,183.0,2723.0,57.0,125.0,74.0,288.0
2021-11-27,3458.0,315.0,65.0,174.0,2690.0,56.0,126.0,72.0,284.0
2021-11-28,3310.0,294.0,113.0,146.0,2537.0,58.0,125.0,78.0,304.0
2021-11-29,3391.0,311.0,150.0,146.0,2579.0,59.0,125.0,77.0,325.0
2021-11-30,3418.0,313.0,155.0,159.0,2590.0,60.0,125.0,75.0,343.0
2021-12-01,3354.0,306.0,151.0,127.0,2554.0,68.0,125.0,65.0,325.0
2021-12-02,3281.0,308.0,122.0,136.0,2503.0,69.0,126.0,63.0,302.0
2021-12-03,3338.0,320.0,90.0,171.0,2544.0,63.0,83.0,64.0,307.0
2021-12-04,3356.0,316.0,70.0,172.0,2594.0,62.0,125.0,60.0,287.0
2021-12-05,3290.0,291.0,74.0,165.0,2547.0,70.0,125.0,63.0,290.0
2021-12-06,3423.0,299.0,95.0,176.0,2633.0,74.0,125.0,61.0,325.0
2021-12-07,3505.0,284.0,118.0,191.0,2691.0,71.0,125.0,61.0,361.0
2021-12-08,3547.0,296.0,121.0,187.0,2719.0,70.0,124.0,60.0,362.0
2021-12-09,3570.0,303.0,133.0,163.0,2744.0,72.0,125.0,61.0,350.0
2021-12-10,3574.0,298.0,169.0,177.0,2691.0,73.0,125.0,63.0,401.0
2021-12-11,3555.0,296.0,132.0,189.0,2693.0,76.0,129.0,63.0,374.0
2021-12-12,3415.0,264.0,116.0,187.0,2609.0,73.0,130.0,63.0,358.0
2021-12-13,3532.0,288.0,116.0,168.0,2724.0,72.0,129.0,64.0,337.0
2021-12-14,3591.0,289.0,117.0,172.0,2773.0,73.0,130.0,65.0,343.0
2021-12-15,3602.0,286.0,141.0,171.0,2776.0,71.0,130.0,63.0,367.0
2021-12-16,3630.0,271.0,139.0,196.0,2790.0,73.0,130.0,65.0,390.0
2021-12-17,3648.0,268.0,182.0,192.0,2774.0,71.0,130.0,64.0,430.0
2021-12-18,3629.0,242.0,181.0,213.0,2762.0,68.0,130.0,60.0,449.0
2021-12-19,3481.0,241.0,151.0,219.0,2637.0,67.0,135.0,62.0,424.0
2021-12-20,3634.0,263.0,81.0,216.0,2834.0,72.0,136.0,61.0,352.0
2021-12-21,3714.0,283.0,27.0,213.0,2944.0,74.0,135.0,63.0,295.0
2021-12-22,3736.0,270.0,22.0,207.0,3004.0,72.0,135.0,62.0,281.0
2021-12-23,3762.0,277.0,32.0,184.0,3035.0,73.0,135.0,61.0,268.0
2021-12-24,3788.0,269.0,38.0,191.0,3053.0,80.0,136.0,62.0,284.0
2021-12-25,3721.0,266.0,39.0,190.0,2998.0,83.0,136.0,58.0,283.0
2021-12-26,3579.0,250.0,45.0,164.0,2894.0,83.0,136.0,57.0,263.0
2021-12-27,3665.0,262.0,87.0,173.0,2908.0,81.0,135.0,56.0,319.0
2021-12-28,3592.0,253.0,137.0,150.0,2843.0,81.0,130.0,59.0,345.0
2021-12-29,3553.0,257.0,126.0,185.0,2761.0,82.0,131.0,55.0,366.0
2021-12-30,3623.0,246.0,226.0,182.0,2737.0,78.0,131.0,58.0,465.0
2021-12-31,3655.0,258.0,229.0,144.0,2810.0,77.0,130.0,63.0,428.0
2022-01-01,3589.0,247.0,151.0,172.0,2795.0,79.0,135.0,62.0,377.0
2022-01-02,3483.0,230.0,150.0,187.0,2686.0,78.0,127.0,60.0,395.0
2022-01-03,3665.0,267.0,112.0,199.0,2867.0,78.0,123.0,60.0,367.0
2022-01-04,3726.0,260.0,96.0,179.0,2990.0,79.0,123.0,56.0,331.0
2022-01-05,3656.0,264.0,76.0,145.0,2980.0,71.0,124.0,59.0,278.0
2022-01-06,3581.0,267.0,72.0,155.0,2914.0,67.0,111.0,57.0,282.0
2022-01-07,3592.0,260.0,105.0,140.0,2921.0,67.0,100.0,58.0,302.0
2022-01-08,3454.0,255.0,79.0,169.0,2775.0,66.0,103.0,57.0,303.0
2022-01-09,3359.0,238.0,80.0,182.0,2662.0,68.0,119.0,57.0,314.0
2022-01-10,3513.0,260.0,85.0,199.0,2761.0,70.0,119.0,56.0,341.0
2022-01-11,3565.0,256.0,137.0,191.0,2768.0,69.0,118.0,61.0,387.0
2022-01-12,3564.0,255.0,108.0,197.0,2794.0,72.0,119.0,61.0,365.0
2022-01-13,3574.0,246.0,117.0,208.0,2794.0,69.0,119.0,60.0,384.0
2022-01-14,3474.0,241.0,129.0,203.0,2688.0,65.0,119.0,62.0,392.0
2022-01-15,3443.0,234.0,142.0,205.0,2645.0,67.0,119.0,63.0,402.0
2022-01-16,3407.0,227.0,157.0,194.0,2610.0,73.0,119.0,62.0,403.0
2022-01-17,3624.0,249.0,131.0,202.0,2808.0,76.0,119.0,63.0,400.0
2022-01-18,3713.0,266.0,109.0,216.0,2919.0,75.0,119.0,62.0,370.0
2022-01-19,3755.0,268.0,74.0,220.0,2984.0,75.0,119.0,62.0,351.0
2022-01-20,3789.0,261.0,121.0,222.0,2984.0,81.0,117.0,60.0,385.0
2022-01-21,3812.0,254.0,139.0,207.0,2993.0,84.0,109.0,61.0,404.0
2022-01-22,3686.0,237.0,243.0,173.0,2820.0,80.0,110.0,62.0,472.0
2022-01-23,3537.0,215.0,121.0,214.0,2763.0,78.0,119.0,64.0,389.0
2022-01-24,3734.0,263.0,44.0,224.0,2967.0,82.0,119.0,62.0,335.0
2022-01-25,3794.0,280.0,45.0,225.0,3005.0,86.0,119.0,61.0,335.0
2022-01-26,3619.0,252.0,60.0,217.0,2871.0,81.0,119.0,63.0,333.0
2022-01-27,3739.0,255.0,120.0,217.0,2924.0,82.0,120.0,62.0,393.0
2022-01-28,3834.0,244.0,152.0,256.0,2970.0,82.0,122.0,61.0,467.0
2022-01-29,3817.0,267.0,102.0,235.0,2982.0,84.0,119.0,63.0,395.0
2022-01-30,3723.0,240.0,62.0,240.0,2948.0,82.0,119.0,64.0,360.0
2022-01-31,3855.0,291.0,72.0,232.0,3053.0,73.0,119.0,66.0,362.0
2022-02-01,3877.0,292.0,55.0,226.0,3058.0,78.0,119.0,66.0,339.0
2022-02-02,3904.0,283.0,103.0,232.0,3074.0,81.0,119.0,66.0,392.0
2022-02-03,3837.0,259.0,167.0,221.0,2968.0,81.0,119.0,65.0,443.0
2022-02-04,3827.0,253.0,88.0,243.0,3028.0,84.0,121.0,65.0,386.0
2022-02-05,3860.0,269.0,51.0,243.0,3064.0,83.0,124.0,65.0,350.0
2022-02-06,3748.0,244.0,88.0,233.0,2959.0,82.0,124.0,65.0,376.0
2022-02-07,3875.0,281.0,62.0,233.0,3105.0,81.0,124.0,68.0,354.0
2022-02-08,3936.0,279.0,81.0,225.0,3145.0,86.0,123.0,70.0,363.0
2022-02-09,3900.0,274.0,108.0,228.0,3066.0,86.0,124.0,71.0,392.0
2022-02-10,3890.0,255.0,147.0,238.0,3032.0,84.0,123.0,68.0,442.0
2022-02-11,3893.0,254.0,156.0,244.0,3021.0,85.0,124.0,63.0,458.0
2022-02-12,3866.0,275.0,85.0,247.0,3052.0,79.0,124.0,56.0,392.0
2022-02-13,3765.0,247.0,82.0,250.0,2969.0,80.0,124.0,62.0,391.0
2022-02-14,3875.0,270.0,92.0,248.0,3039.0,80.0,123.0,65.0,405.0
2022-02-15,3922.0,286.0,91.0,236.0,3095.0,82.0,121.0,67.0,387.0
2022-02-16,3964.0,287.0,70.0,234.0,3151.0,83.0,120.0,69.0,369.0
2022-02-17,3945.0,282.0,85.0,244.0,3106.0,85.0,120.0,69.0,394.0
2022-02-18,3975.0,286.0,143.0,236.0,3085.0,80.0,120.0,69.0,443.0
2022-02-19,3948.0,281.0,146.0,247.0,3049.0,80.0,119.0,68.0,457.0
2022-02-20,3802.0,262.0,112.0,260.0,2953.0,83.0,119.0,64.0,437.0
2022-02-21,3936.0,302.0,121.0,252.0,3055.0,85.0,119.0,60.0,435.0
2022-02-22,4003.0,312.0,169.0,252.0,3057.0,87.0,118.0,59.0,486.0
2022-02-23,3997.0,308.0,123.0,250.0,3089.0,84.0,127.0,63.0,441.0
2022-02-24,4041.0,318.0,90.0,246.0,3149.0,81.0,131.0,61.0,405.0
2022-02-25,4042.0,309.0,104.0,258.0,3140.0,82.0,132.0,62.0,428.0
2022-02-26,3961.0,284.0,136.0,257.0,3053.0,85.0,131.0,64.0,463.0
2022-02-27,3869.0,272.0,176.0,266.0,2913.0,79.0,133.0,65.0,508.0
2022-02-28,4003.0,288.0,139.0,265.0,3075.0,72.0,135.0,64.0,470.0
2022-03-01,4008.0,289.0,99.0,263.0,3121.0,73.0,136.0,66.0,427.0
2022-03-02,4014.0,300.0,167.0,253.0,3056.0,72.0,136.0,67.0,487.0
2022-03-03,4051.0,294.0,201.0,261.0,3059.0,71.0,136.0,69.0,527.0
2022-03-04,4080.0,323.0,170.0,266.0,3108.0,71.0,129.0,65.0,494.0
2022-03-05,4072.0,324.0,123.0,264.0,3151.0,71.0,126.0,63.0,447.0
2022-03-06,3955.0,283.0,120.0,238.0,3097.0,72.0,131.0,63.0,417.0
2022-03-07,4056.0,317.0,139.0,249.0,3120.0,74.0,132.0,61.0,447.0
2022-03-08,4105.0,333.0,141.0,250.0,3153.0,76.0,132.0,60.0,451.0
2022-03-09,4118.0,338.0,136.0,256.0,3182.0,77.0,131.0,55.0,451.0
2022-03-10,4133.0,337.0,106.0,248.0,3224.0,77.0,131.0,60.0,416.0
2022-03-11,4174.0,340.0,98.0,251.0,3257.0,78.0,131.0,60.0,414.0
2022-03-12,4151.0,342.0,75.0,251.0,3244.0,78.0,135.0,61.0,390.0
2022-03-13,4053.0,313.0,86.0,259.0,3169.0,77.0,135.0,60.0,405.0
2022-03-14,4220.0,353.0,105.0,262.0,3278.0,74.0,135.0,60.0,428.0
2022-03-15,4299.0,391.0,105.0,262.0,3324.0,75.0,135.0,63.0,429.0
2022-03-16,4353.0,407.0,109.0,259.0,3359.0,77.0,135.0,62.0,430.0
2022-03-17,4358.0,438.0,122.0,259.0,3311.0,71.0,135.0,68.0,443.0
2022-03-18,4046.0,375.0,147.0,257.0,3038.0,74.0,135.0,67.0,467.0
2022-03-19,4100.0,368.0,203.0,254.0,3046.0,74.0,135.0,72.0,520.0
2022-03-20,4152.0,376.0,197.0,234.0,3103.0,73.0,135.0,71.0,493.0
2022-03-21,4320.0,420.0,153.0,248.0,3253.0,72.0,135.0,73.0,465.0
2022-03-22,4338.0,421.0,146.0,227.0,3290.0,71.0,134.0,72.0,441.0
2022-03-23,4344.0,404.0,133.0,237.0,3334.0,73.0,134.0,69.0,435.0
2022-03-24,4329.0,379.0,115.0,233.0,3372.0,65.0,134.0,68.0,413.0
2022-03-25,4311.0,394.0,73.0,237.0,3384.0,65.0,116.0,76.0,378.0
2022-03-26,4270.0,370.0,65.0,248.0,3351.0,72.0,112.0,82.0,381.0
2022-03-27,4192.0,337.0,99.0,252.0,3283.0,73.0,112.0,74.0,425.0
2022-03-28,4330.0,359.0,141.0,265.0,3365.0,76.0,112.0,76.0,474.0
2022-03-29,4430.0,395.0,160.0,267.0,3382.0,74.0,111.0,78.0,496.0
2022-03-30,4437.0,401.0,136.0,260.0,3427.0,75.0,111.0,78.0,465.0
2022-03-31,4459.0,417.0,117.0,268.0,3435.0,75.0,111.0,78.0,453.0
2022-04-01,4440.0,391.0,119.0,263.0,3452.0,79.0,112.0,62.0,451.0
2022-04-02,4376.0,383.0,111.0,261.0,3414.0,80.0,111.0,66.0,436.0
2022-04-03,4238.0,396.0,91.0,263.0,3286.0,78.0,111.0,65.0,416.0
2022-04-04,4397.0,448.0,84.0,266.0,3408.0,79.0,111.0,64.0,414.0
2022-04-05,4436.0,463.0,84.0,260.0,3424.0,83.0,110.0,63.0,407.0
2022-04-06,4428.0,453.0,99.0,264.0,3394.0,84.0,110.0,68.0,428.0
2022-04-07,4471.0,459.0,105.0,266.0,3422.0,82.0,110.0,68.0,436.0
2022-04-08,4520.0,475.0,142.0,260.0,3437.0,80.0,111.0,70.0,467.0
2022-04-09,4477.0,453.0,136.0,255.0,3426.0,82.0,110.0,67.0,457.0
2022-04-10,4301.0,421.0,129.0,247.0,3301.0,81.0,110.0,74.0,443.0
2022-04-11,4437.0,460.0,141.0,253.0,3384.0,65.0,110.0,79.0,462.0
2022-04-12,4470.0,455.0,167.0,259.0,3388.0,62.0,105.0,77.0,490.0
2022-04-13,4450.0,441.0,134.0,253.0,3416.0,70.0,105.0,74.0,454.0
2022-04-14,4374.0,390.0,127.0,246.0,3402.0,72.0,105.0,67.0,440.0
2022-04-15,4350.0,362.0,171.0,253.0,3370.0,74.0,104.0,64.0,489.0
2022-04-16,4430.0,358.0,181.0,256.0,3450.0,77.0,104.0,64.0,500.0
2022-04-17,4274.0,322.0,209.0,259.0,3307.0,75.0,104.0,61.0,528.0
2022-04-18,4425.0,377.0,179.0,266.0,3418.0,74.0,103.0,67.0,507.0
2022-04-19,4469.0,407.0,158.0,261.0,3452.0,76.0,102.0,75.0,478.0
2022-04-20,4430.0,415.0,135.0,252.0,3432.0,76.0,102.0,80.0,448.0
2022-04-21,4446.0,399.0,139.0,248.0,3455.0,78.0,103.0,82.0,452.0
2022-04-22,4380.0,381.0,109.0,261.0,3457.0,75.0,100.0,71.0,435.0
2022-04-23,4420.0,396.0,99.0,251.0,3481.0,78.0,100.0,82.0,407.0
2022-04-24,4302.0,345.0,140.0,264.0,3358.0,74.0,100.0,81.0,462.0
2022-04-25,4471.0,373.0,153.0,264.0,3487.0,68.0,100.0,87.0,475.0
2022-04-26,4498.0,393.0,129.0,274.0,3492.0,77.0,100.0,90.0,461.0
2022-04-27,4535.0,416.0,116.0,275.0,3507.0,79.0,100.0,95.0,449.0
2022-04-28,4567.0,423.0,169.0,274.0,3481.0,81.0,100.0,94.0,503.0
2022-04-29,4578.0,424.0,189.0,281.0,3444.0,85.0,100.0,106.0,532.0
2022-04-30,4562.0,393.0,268.0,274.0,3384.0,87.0,104.0,107.0,601.0
2022-05-01,4377.0,350.0,314.0,274.0,3210.0,89.0,104.0,97.0,647.0
2022-05-02,4490.0,388.0,300.0,269.0,3338.0,80.0,104.0,88.0,624.0
2022-05-03,4475.0,426.0,274.0,269.0,3329.0,77.0,104.0,79.0,598.0
2022-05-04,4389.0,415.0,178.0,248.0,3369.0,81.0,105.0,80.0,483.0
2022-05-05,4300.0,415.0,140.0,257.0,3300.0,85.0,104.0,67.0,454.0
2022-05-06,4423.0,388.0,150.0,267.0,3429.0,82.0,104.0,67.0,470.0
2022-05-07,4471.0,390.0,177.0,268.0,3440.0,89.0,104.0,69.0,501.0
2022-05-08,4358.0,375.0,227.0,260.0,3307.0,81.0,104.0,72.0,538.0
2022-05-09,4489.0,390.0,301.0,255.0,3341.0,82.0,104.0,79.0,607.0
2022-05-10,4476.0,411.0,349.0,253.0,3289.0,86.0,103.0,82.0,621.0
2022-05-11,4497.0,430.0,362.0,200.0,3305.0,85.0,100.0,79.0,610.0
2022-05-12,4525.0,458.0,408.0,221.0,3235.0,85.0,100.0,80.0,678.0
2022-05-13,4502.0,494.0,347.0,250.0,3214.0,83.0,103.0,71.0,647.0
2022-05-14,4534.0,523.0,351.0,274.0,3201.0,79.0,103.0,70.0,675.0
2022-05-15,4382.0,496.0,336.0,261.0,3113.0,75.0,103.0,66.0,645.0
2022-05-16,4501.0,536.0,319.0,249.0,3206.0,95.0,104.0,64.0,589.0
2022-05-17,4508.0,541.0,234.0,250.0,3291.0,98.0,103.0,69.0,545.0
2022-05-18,4479.0,515.0,164.0,233.0,3378.0,97.0,103.0,76.0,417.0
2022-05-19,4473.0,462.0,223.0,236.0,3343.0,105.0,102.0,80.0,510.0
2022-05-20,4452.0,442.0,399.0,240.0,3195.0,98.0,102.0,86.0,685.0
2022-05-21,4277.0,444.0,527.0,243.0,2872.0,83.0,103.0,69.0,819.0
2022-05-22,4053.0,421.0,555.0,272.0,2626.0,78.0,103.0,55.0,890.0
2022-05-23,3946.0,427.0,504.0,248.0,2604.0,81.0,100.0,50.0,818.0
2022-05-24,4023.0,440.0,322.0,270.0,2840.0,91.0,97.0,47.0,657.0
2022-05-25,4195.0,445.0,210.0,273.0,3126.0,93.0,96.0,52.0,548.0
2022-05-26,4325.0,394.0,347.0,277.0,3148.0,91.0,97.0,52.0,691.0
2022-05-27,4380.0,398.0,467.0,282.0,3073.0,96.0,97.0,56.0,815.0
2022-05-28,4411.0,449.0,446.0,270.0,3054.0,99.0,97.0,58.0,787.0
2022-05-29,4293.0,432.0,437.0,278.0,2966.0,103.0,97.0,54.0,781.0
2022-05-30,4469.0,452.0,385.0,281.0,3195.0,102.0,100.0,53.0,736.0
2022-05-31,4574.0,473.0,366.0,269.0,3273.0,109.0,112.0,59.0,698.0
2022-06-01,4544.0,452.0,351.0,279.0,3258.0,111.0,114.0,58.0,695.0
2022-06-02,4616.0,450.0,359.0,277.0,3314.0,115.0,119.0,59.0,704.0
2022-06-03,4638.0,487.0,359.0,281.0,3296.0,113.0,119.0,64.0,703.0
2022-06-04,4627.0,493.0,318.0,284.0,3332.0,106.0,116.0,61.0,667.0
2022-06-05,4486.0,483.0,326.0,306.0,3230.0,89.0,108.0,56.0,694.0
2022-06-06,4562.0,500.0,287.0,254.0,3355.0,72.0,102.0,68.0,601.0
2022-06-07,4676.0,512.0,381.0,266.0,3339.0,78.0,104.0,86.0,706.0
2022-06-08,4711.0,528.0,436.0,273.0,3279.0,81.0,114.0,98.0,771.0
2022-06-09,4712.0,554.0,419.0,284.0,3235.0,88.0,115.0,102.0,766.0
2022-06-10,4722.0,536.0,385.0,273.0,3298.0,98.0,115.0,103.0,716.0
2022-06-11,4655.0,518.0,368.0,277.0,3269.0,97.0,114.0,90.0,705.0
2022-06-12,4440.0,516.0,275.0,273.0,3188.0,102.0,114.0,60.0,605.0
2022-06-13,4554.0,527.0,196.0,249.0,3387.0,109.0,116.0,73.0,503.0
2022-06-14,4619.0,524.0,189.0,263.0,3434.0,108.0,118.0,103.0,511.0
2022-06-15,4599.0,557.0,245.0,254.0,3334.0,102.0,119.0,94.0,556.0
2022-06-16,4514.0,542.0,279.0,261.0,3223.0,101.0,119.0,91.0,598.0
2022-06-17,4346.0,513.0,228.0,260.0,3154.0,98.0,119.0,71.0,546.0
2022-06-18,4219.0,488.0,216.0,225.0,3108.0,101.0,120.0,57.0,497.0
2022-06-19,4002.0,472.0,249.0,252.0,2880.0,99.0,120.0,57.0,561.0
2022-06-20,4113.0,463.0,372.0,245.0,2871.0,105.0,115.0,52.0,676.0
2022-06-21,4113.0,478.0,399.0,209.0,2870.0,103.0,115.0,56.0,660.0
2022-06-22,4191.0,468.0,219.0,254.0,3088.0,107.0,116.0,56.0,528.0
2022-06-23,4341.0,463.0,213.0,265.0,3219.0,113.0,119.0,57.0,537.0
2022-06-24,4395.0,464.0,283.0,270.0,3200.0,114.0,120.0,62.0,609.0
2022-06-25,4394.0,479.0,326.0,249.0,3160.0,108.0,124.0,63.0,626.0
2022-06-26,4368.0,484.0,354.0,260.0,3095.0,104.0,128.0,58.0,670.0
2022-06-27,4540.0,555.0,321.0,237.0,3229.0,109.0,129.0,67.0,615.0
2022-06-28,4639.0,579.0,337.0,241.0,3271.0,110.0,129.0,78.0,635.0
2022-06-29,4562.0,576.0,410.0,251.0,3130.0,144.0,128.0,71.0,723.0
2022-06-30,4234.0,560.0,422.0,236.0,2834.0,108.0,129.0,59.0,718.0
2022-07-01,4147.0,559.0,414.0,205.0,2802.0,105.0,130.0,53.0,679.0
2022-07-02,4174.0,589.0,339.0,194.0,2875.0,101.0,130.0,52.0,591.0
2022-07-03,4049.0,581.0,321.0,198.0,2765.0,93.0,130.0,52.0,577.0
2022-07-04,4285.0,608.0,319.0,211.0,2979.0,97.0,129.0,56.0,584.0
2022-07-05,4386.0,620.0,350.0,221.0,3015.0,92.0,129.0,60.0,623.0
2022-07-06,4331.0,634.0,294.0,210.0,2994.0,94.0,130.0,65.0,514.0
2022-07-07,4371.0,612.0,354.0,201.0,3014.0,98.0,129.0,64.0,609.0
2022-07-08,4376.0,601.0,417.0,198.0,2982.0,98.0,130.0,61.0,667.0
2022-07-09,4173.0,594.0,456.0,196.0,2761.0,91.0,130.0,61.0,699.0
2022-07-10,3908.0,576.0,473.0,183.0,2523.0,84.0,130.0,62.0,702.0
2022-07-11,4115.0,613.0,475.0,191.0,2676.0,87.0,123.0,61.0,715.0
2022-07-12,4170.0,642.0,492.0,208.0,2695.0,85.0,105.0,60.0,756.0
2022-07-13,4173.0,648.0,448.0,200.0,2733.0,86.0,109.0,63.0,698.0
2022-07-14,4090.0,670.0,408.0,206.0,2658.0,87.0,116.0,56.0,670.0
2022-07-15,4068.0,688.0,400.0,199.0,2682.0,91.0,111.0,55.0,659.0
2022-07-16,4155.0,699.0,408.0,221.0,2707.0,94.0,108.0,54.0,685.0
2022-07-17,3930.0,694.0,334.0,205.0,2583.0,88.0,107.0,55.0,597.0
2022-07-18,4166.0,704.0,286.0,195.0,2848.0,93.0,121.0,58.0,511.0
2022-07-19,4343.0,731.0,271.0,226.0,2960.0,95.0,129.0,61.0,561.0
2022-07-20,4229.0,683.0,305.0,258.0,2810.0,96.0,132.0,57.0,630.0
2022-07-21,4036.0,740.0,336.0,220.0,2576.0,95.0,137.0,57.0,617.0
2022-07-22,4074.0,746.0,277.0,189.0,2696.0,100.0,137.0,57.0,522.0
2022-07-23,4028.0,728.0,326.0,182.0,2643.0,98.0,137.0,57.0,562.0
2022-07-24,3893.0,740.0,347.0,208.0,2454.0,94.0,118.0,57.0,616.0
2022-07-25,4061.0,770.0,273.0,221.0,2639.0,103.0,113.0,74.0,560.0
2022-07-26,4114.0,805.0,164.0,156.0,2855.0,94.0,111.0,64.0,374.0
2022-07-27,4149.0,804.0,119.0,194.0,2910.0,89.0,111.0,63.0,374.0
2022-07-28,4155.0,795.0,125.0,221.0,2876.0,92.0,107.0,63.0,412.0
2022-07-29,4167.0,714.0,138.0,245.0,2932.0,97.0,109.0,63.0,448.0
2022-07-30,4125.0,755.0,184.0,240.0,2791.0,100.0,109.0,58.0,493.0
2022-07-31,3943.0,722.0,227.0,249.0,2605.0,94.0,108.0,58.0,539.0
2022-08-01,4114.0,734.0,276.0,219.0,2725.0,100.0,109.0,59.0,557.0
2022-08-02,4248.0,756.0,252.0,237.0,2851.0,103.0,109.0,66.0,550.0
2022-08-03,4292.0,759.0,165.0,226.0,2997.0,106.0,109.0,63.0,447.0
2022-08-04,4247.0,754.0,160.0,196.0,2983.0,103.0,109.0,65.0,413.0
2022-08-05,4196.0,737.0,256.0,204.0,2862.0,103.0,109.0,63.0,519.0
2022-08-06,4172.0,751.0,298.0,221.0,2759.0,99.0,109.0,58.0,581.0
2022-08-07,3972.0,754.0,311.0,203.0,2545.0,100.0,108.0,61.0,573.0
2022-08-08,4100.0,767.0,343.0,192.0,2654.0,96.0,107.0,61.0,588.0
2022-08-09,4137.0,755.0,364.0,231.0,2663.0,85.0,111.0,56.0,655.0
2022-08-10,4165.0,759.0,394.0,249.0,2654.0,72.0,111.0,58.0,707.0
2022-08-11,3991.0,766.0,437.0,225.0,2444.0,77.0,112.0,54.0,720.0
2022-08-12,4144.0,788.0,428.0,223.0,2576.0,84.0,112.0,57.0,712.0
2022-08-13,4209.0,836.0,403.0,193.0,2679.0,85.0,112.0,56.0,655.0
2022-08-14,3988.0,818.0,393.0,209.0,2467.0,80.0,113.0,57.0,655.0
2022-08-15,3666.0,783.0,262.0,197.0,2305.0,83.0,116.0,58.0,517.0
2022-08-16,3951.0,797.0,235.0,237.0,2544.0,95.0,117.0,55.0,536.0
2022-08-17,4225.0,822.0,309.0,214.0,2735.0,97.0,114.0,60.0,590.0
2022-08-18,4362.0,827.0,355.0,232.0,2806.0,88.0,112.0,61.0,652.0
2022-08-19,4368.0,823.0,341.0,238.0,2811.0,88.0,113.0,64.0,646.0
2022-08-20,4176.0,821.0,305.0,218.0,2708.0,82.0,111.0,61.0,588.0
2022-08-21,4104.0,814.0,355.0,235.0,2576.0,90.0,107.0,61.0,652.0
2022-08-22,4309.0,831.0,438.0,229.0,2693.0,86.0,103.0,59.0,730.0
2022-08-23,4351.0,766.0,445.0,229.0,2793.0,84.0,109.0,58.0,742.0
2022-08-24,4316.0,815.0,358.0,214.0,2820.0,82.0,110.0,60.0,642.0
2022-08-25,4296.0,837.0,239.0,232.0,2872.0,83.0,112.0,62.0,480.0
2022-08-26,4406.0,846.0,147.0,237.0,3027.0,84.0,117.0,62.0,450.0
2022-08-27,4377.0,814.0,171.0,255.0,2990.0,83.0,120.0,59.0,490.0
2022-08-28,4235.0,799.0,154.0,247.0,2909.0,89.0,116.0,54.0,465.0
2022-08-29,4357.0,876.0,66.0,229.0,3062.0,90.0,115.0,60.0,357.0
2022-08-30,4461.0,877.0,35.0,253.0,3163.0,94.0,116.0,59.0,352.0
2022-08-31,4418.0,848.0,64.0,265.0,3112.0,92.0,119.0,60.0,396.0
2022-09-01,4390.0,846.0,77.0,301.0,3098.0,89.0,119.0,60.0,444.0
2022-09-02,4468.0,850.0,65.0,273.0,3155.0,90.0,120.0,61.0,408.0
2022-09-03,4543.0,839.0,127.0,289.0,3174.0,88.0,119.0,63.0,487.0
2022-09-04,4388.0,823.0,245.0,261.0,2946.0,82.0,119.0,58.0,574.0
2022-09-05,4499.0,818.0,173.0,268.0,3117.0,86.0,114.0,60.0,510.0
2022-09-06,4539.0,803.0,147.0,270.0,3225.0,84.0,115.0,62.0,488.0
2022-09-07,4570.0,811.0,152.0,264.0,3240.0,74.0,115.0,60.0,487.0
2022-09-08,4517.0,824.0,183.0,236.0,3189.0,75.0,115.0,60.0,477.0
2022-09-09,4491.0,829.0,198.0,252.0,3113.0,77.0,114.0,60.0,513.0
2022-09-10,4425.0,819.0,235.0,229.0,3043.0,82.0,113.0,60.0,522.0
2022-09-11,4178.0,794.0,280.0,229.0,2765.0,87.0,110.0,56.0,567.0
2022-09-12,4228.0,835.0,309.0,223.0,2760.0,91.0,110.0,58.0,595.0
2022-09-13,4188.0,833.0,266.0,237.0,2754.0,91.0,103.0,58.0,564.0
2022-09-14,4166.0,838.0,229.0,236.0,2761.0,92.0,101.0,58.0,531.0
2022-09-15,4077.0,819.0,290.0,218.0,2625.0,94.0,93.0,57.0,591.0
2022-09-16,4046.0,816.0,343.0,261.0,2499.0,93.0,93.0,55.0,666.0
2022-09-17,4042.0,828.0,278.0,275.0,2548.0,89.0,94.0,55.0,624.0
2022-09-18,4026.0,815.0,188.0,283.0,2628.0,94.0,94.0,55.0,539.0
2022-09-19,4231.0,806.0,250.0,264.0,2814.0,76.0,97.0,60.0,583.0
2022-09-20,4252.0,778.0,252.0,262.0,2862.0,80.0,99.0,56.0,578.0
2022-09-21,4202.0,782.0,244.0,266.0,2809.0,83.0,100.0,56.0,574.0
2022-09-22,4126.0,788.0,306.0,266.0,2672.0,75.0,110.0,56.0,630.0
2022-09-23,4070.0,803.0,336.0,267.0,2565.0,71.0,120.0,53.0,660.0
2022-09-24,3995.0,782.0,310.0,270.0,2525.0,78.0,112.0,49.0,636.0
2022-09-25,3892.0,782.0,187.0,275.0,2521.0,86.0,114.0,51.0,518.0
2022-09-26,4074.0,790.0,110.0,235.0,2798.0,96.0,121.0,56.0,391.0
2022-09-27,4140.0,781.0,107.0,268.0,2836.0,97.0,124.0,55.0,425.0
2022-09-28,4211.0,733.0,168.0,259.0,2915.0,93.0,125.0,57.0,476.0
2022-09-29,4199.0,713.0,169.0,254.0,2946.0,93.0,113.0,54.0,470.0
2022-09-30,4218.0,684.0,220.0,242.0,2932.0,93.0,128.0,54.0,503.0
2022-10-01,4141.0,659.0,261.0,256.0,2829.0,81.0,129.0,53.0,563.0
2022-10-02,3965.0,644.0,244.0,276.0,2672.0,77.0,130.0,52.0,572.0
2022-10-03,4265.0,672.0,219.0,289.0,2978.0,78.0,133.0,56.0,517.0
2022-10-04,4092.0,658.0,170.0,262.0,2831.0,80.0,134.0,51.0,480.0
2022-10-05,3897.0,657.0,170.0,250.0,2706.0,80.0,134.0,50.0,467.0
2022-10-06,3927.0,661.0,208.0,207.0,2723.0,87.0,134.0,50.0,455.0
2022-10-07,3886.0,651.0,166.0,230.0,2708.0,92.0,135.0,43.0,444.0
2022-10-08,3794.0,657.0,111.0,244.0,2648.0,92.0,134.0,43.0,410.0
2022-10-09,3646.0,661.0,49.0,226.0,2579.0,82.0,134.0,42.0,319.0
2022-10-10,3696.0,649.0,32.0,228.0,2656.0,80.0,133.0,42.0,308.0
2022-10-11,3706.0,654.0,41.0,249.0,2647.0,77.0,134.0,44.0,336.0
2022-10-12,3746.0,680.0,43.0,246.0,2651.0,82.0,133.0,45.0,337.0
2022-10-13,3781.0,657.0,58.0,261.0,2667.0,81.0,134.0,46.0,367.0
2022-10-14,3762.0,623.0,84.0,271.0,2644.0,81.0,135.0,46.0,407.0
2022-10-15,3699.0,607.0,88.0,265.0,2616.0,81.0,135.0,37.0,405.0
2022-10-16,3564.0,586.0,76.0,262.0,2519.0,77.0,136.0,36.0,385.0
2022-10-17,3711.0,584.0,56.0,267.0,2684.0,75.0,127.0,47.0,371.0
2022-10-18,3776.0,555.0,75.0,267.0,2731.0,86.0,126.0,49.0,397.0
2022-10-19,3783.0,556.0,75.0,271.0,2739.0,87.0,127.0,53.0,404.0
2022-10-20,3774.0,556.0,68.0,265.0,2745.0,86.0,134.0,55.0,386.0
2022-10-21,3754.0,531.0,90.0,259.0,2732.0,84.0,139.0,50.0,402.0
2022-10-22,3685.0,484.0,112.0,277.0,2647.0,98.0,140.0,49.0,445.0
2022-10-23,3470.0,485.0,80.0,288.0,2452.0,96.0,137.0,50.0,427.0
2022-10-24,3195.0,474.0,60.0,282.0,2198.0,91.0,137.0,47.0,402.0
2022-10-25,3130.0,478.0,95.0,292.0,2079.0,87.0,140.0,43.0,451.0
2022-10-26,3315.0,472.0,68.0,289.0,2298.0,93.0,141.0,52.0,420.0
2022-10-27,3511.0,491.0,60.0,273.0,2513.0,93.0,140.0,53.0,395.0
2022-10-28,3592.0,481.0,67.0,260.0,2640.0,92.0,132.0,46.0,385.0
2022-10-29,3597.0,460.0,95.0,261.0,2635.0,92.0,132.0,44.0,415.0
2022-10-30,3428.0,397.0,99.0,254.0,2547.0,85.0,132.0,41.0,402.0
2022-10-31,3629.0,428.0,85.0,280.0,2677.0,96.0,137.0,48.0,427.0
2022-11-01,3647.0,429.0,70.0,229.0,2765.0,103.0,137.0,50.0,348.0
2022-11-02,3686.0,446.0,66.0,230.0,2794.0,96.0,136.0,45.0,342.0
2022-11-03,3699.0,422.0,80.0,241.0,2827.0,87.0,136.0,42.0,371.0
2022-11-04,3743.0,427.0,94.0,258.0,2822.0,85.0,128.0,48.0,405.0
2022-11-05,3745.0,435.0,104.0,269.0,2814.0,76.0,126.0,43.0,430.0
2022-11-06,3599.0,402.0,83.0,238.0,2765.0,68.0,126.0,44.0,376.0
2022-11-07,3755.0,421.0,75.0,261.0,2890.0,69.0,115.0,51.0,335.0
2022-11-08,3802.0,413.0,80.0,244.0,2952.0,70.0,123.0,56.0,380.0
2022-11-09,3822.0,386.0,82.0,250.0,2973.0,77.0,124.0,56.0,395.0
2022-11-10,3831.0,374.0,114.0,248.0,2938.0,94.0,125.0,53.0,420.0
2022-11-11,3790.0,354.0,159.0,216.0,2916.0,88.0,124.0,55.0,431.0
2022-11-12,3715.0,350.0,131.0,222.0,2862.0,86.0,131.0,51.0,402.0
2022-11-13,3551.0,312.0,98.0,235.0,2755.0,85.0,133.0,50.0,388.0
2022-11-14,3698.0,363.0,92.0,231.0,2864.0,87.0,132.0,55.0,379.0
2022-11-15,3767.0,379.0,73.0,241.0,2937.0,88.0,132.0,55.0,370.0
2022-11-16,3788.0,351.0,65.0,265.0,2975.0,85.0,132.0,53.0,389.0
2022-11-17,3792.0,341.0,68.0,275.0,2968.0,89.0,132.0,49.0,409.0
2022-11-18,3805.0,363.0,53.0,268.0,2933.0,91.0,132.0,51.0,400.0
2022-11-19,3764.0,307.0,65.0,273.0,2952.0,88.0,133.0,46.0,409.0
2022-11-20,3621.0,279.0,69.0,267.0,2832.0,83.0,133.0,48.0,406.0
2022-11-21,3751.0,318.0,80.0,242.0,2942.0,84.0,133.0,56.0,385.0
2022-11-22,3803.0,331.0,59.0,243.0,3006.0,85.0,131.0,55.0,363.0
2022-11-23,3821.0,321.0,89.0,242.0,2999.0,85.0,115.0,59.0,389.0
2022-11-24,3842.0,317.0,74.0,261.0,3028.0,86.0,123.0,55.0,395.0
2022-11-25,3879.0,305.0,86.0,268.0,3041.0,88.0,123.0,57.0,425.0
2022-11-26,3857.0,316.0,61.0,266.0,3039.0,89.0,127.0,55.0,394.0
2022-11-27,3716.0,281.0,36.0,256.0,2970.0,92.0,127.0,53.0,357.0
2022-11-28,3821.0,328.0,45.0,250.0,3051.0,82.0,121.0,53.0,361.0
2022-11-29,3839.0,306.0,88.0,251.0,3052.0,77.0,127.0,53.0,405.0
2022-11-30,3866.0,314.0,133.0,266.0,3030.0,81.0,112.0,51.0,471.0
2022-12-01,3825.0,314.0,129.0,244.0,3021.0,85.0,105.0,57.0,446.0
2022-12-02,3866.0,329.0,62.0,233.0,3094.0,85.0,125.0,51.0,367.0
2022-12-03,3870.0,304.0,80.0,234.0,3070.0,94.0,128.0,59.0,389.0
2022-12-04,3739.0,271.0,108.0,244.0,2948.0,89.0,127.0,52.0,430.0
2022-12-05,3844.0,286.0,139.0,242.0,3005.0,96.0,127.0,56.0,458.0
2022-12-06,3904.0,294.0,151.0,248.0,3059.0,97.0,120.0,56.0,474.0
2022-12-07,3905.0,305.0,117.0,231.0,3103.0,93.0,110.0,61.0,399.0
2022-12-08,3864.0,291.0,109.0,244.0,3083.0,91.0,107.0,57.0,404.0
2022-12-09,3808.0,285.0,157.0,217.0,2879.0,57.0,107.0,49.0,395.0
2022-12-10,3727.0,276.0,220.0,197.0,2912.0,72.0,111.0,52.0,465.0
2022-12-11,3609.0,251.0,212.0,201.0,2834.0,70.0,113.0,50.0,461.0
2022-12-12,3747.0,268.0,192.0,202.0,2976.0,67.0,112.0,51.0,441.0
2022-12-13,3817.0,274.0,227.0,216.0,2983.0,64.0,112.0,51.0,489.0
2022-12-14,3855.0,281.0,198.0,244.0,3037.0,55.0,112.0,52.0,490.0
2022-12-15,3856.0,287.0,119.0,276.0,3085.0,53.0,105.0,56.0,444.0
2022-12-16,3902.0,304.0,81.0,283.0,3152.0,59.0,110.0,58.0,411.0
2022-12-17,3936.0,305.0,82.0,269.0,3126.0,58.0,124.0,56.0,399.0
2022-12-18,3813.0,267.0,110.0,265.0,3061.0,65.0,125.0,49.0,427.0
2022-12-19,3908.0,297.0,86.0,253.0,3304.0,72.0,133.0,49.0,391.0
2022-12-20,3968.0,309.0,88.0,247.0,3339.0,77.0,133.0,56.0,393.0
2022-12-21,4023.0,304.0,121.0,268.0,3356.0,78.0,133.0,51.0,443.0
2022-12-22,4050.0,313.0,126.0,280.0,3376.0,74.0,132.0,52.0,458.0
2022-12-23,4047.0,311.0,84.0,287.0,3406.0,67.0,128.0,56.0,422.0
2022-12-24,4037.0,304.0,94.0,278.0,3387.0,67.0,128.0,52.0,421.0
2022-12-25,3872.0,275.0,129.0,229.0,3266.0,64.0,128.0,55.0,410.0
2022-12-26,3972.0,296.0,168.0,229.0,3303.0,64.0,129.0,59.0,447.0
2022-12-27,4041.0,296.0,146.0,252.0,3391.0,64.0,128.0,59.0,441.0
2022-12-28,4079.0,316.0,92.0,270.0,3451.0,64.0,128.0,58.0,410.0
2022-12-29,4103.0,317.0,81.0,245.0,3501.0,63.0,122.0,58.0,372.0
2022-12-30,4127.0,306.0,121.0,258.0,3487.0,59.0,128.0,61.0,429.0
2022-12-31,4081.0,277.0,132.0,273.0,3448.0,64.0,128.0,58.0,453.0
2023-01-01,3872.0,242.0,79.0,280.0,3296.0,72.0,134.0,53.0,409.0
2023-01-02,4010.0,266.0,89.0,279.0,3388.0,78.0,134.0,55.0,417.0
2023-01-03,4121.0,283.0,170.0,262.0,3426.0,78.0,135.0,57.0,483.0
2023-01-04,4130.0,276.0,260.0,268.0,3330.0,79.0,135.0,61.0,582.0
2023-01-05,4158.0,293.0,273.0,254.0,3347.0,80.0,128.0,54.0,581.0
2023-01-06,4158.0,296.0,242.0,238.0,3406.0,84.0,120.0,57.0,537.0
2023-01-07,4154.0,304.0,172.0,241.0,3513.0,81.0,112.0,67.0,469.0
2023-01-08,4043.0,272.0,108.0,268.0,3407.0,93.0,116.0,58.0,430.0
2023-01-09,4120.0,302.0,88.0,262.0,3490.0,96.0,115.0,64.0,403.0
2023-01-10,4177.0,309.0,95.0,297.0,3485.0,96.0,123.0,62.0,447.0
2023-01-11,4193.0,304.0,110.0,295.0,3514.0,95.0,134.0,60.0,458.0
2023-01-12,4189.0,296.0,136.0,286.0,3481.0,96.0,129.0,74.0,474.0
2023-01-13,4162.0,299.0,84.0,266.0,3519.0,81.0,132.0,69.0,406.0
2023-01-14,4009.0,277.0,116.0,291.0,3319.0,99.0,129.0,58.0,460.0
2023-01-15,3871.0,246.0,114.0,307.0,3177.0,98.0,130.0,56.0,473.0
2023-01-16,4019.0,271.0,92.0,314.0,3308.0,94.0,136.0,59.0,456.0
2023-01-17,4118.0,282.0,135.0,312.0,3387.0,90.0,140.0,58.0,495.0
2023-01-18,4176.0,280.0,161.0,308.0,3461.0,90.0,139.0,54.0,519.0
2023-01-19,4180.0,280.0,197.0,277.0,3446.0,90.0,140.0,53.0,525.0
2023-01-20,4185.0,304.0,176.0,277.0,3466.0,90.0,140.0,59.0,502.0
2023-01-21,4145.0,295.0,171.0,264.0,3439.0,87.0,140.0,61.0,488.0
2023-01-22,4005.0,255.0,172.0,258.0,3345.0,92.0,140.0,54.0,482.0
2023-01-23,4096.0,265.0,234.0,235.0,3383.0,98.0,140.0,59.0,519.0
2023-01-24,4082.0,271.0,164.0,240.0,3441.0,100.0,140.0,52.0,454.0
2023-01-25,4067.0,263.0,162.0,298.0,3374.0,101.0,132.0,51.0,510.0
2023-01-26,3839.0,233.0,248.0,298.0,3072.0,101.0,127.0,52.0,594.0
2023-01-27,3998.0,247.0,278.0,306.0,3178.0,99.0,132.0,53.0,633.0
2023-01-28,4057.0,258.0,201.0,314.0,3284.0,102.0,138.0,57.0,565.0
2023-01-29,3886.0,237.0,170.0,269.0,3215.0,108.0,139.0,57.0,490.0
2023-01-30,3905.0,278.0,125.0,242.0,3262.0,97.0,139.0,63.0,417.0
2023-01-31,4037.0,284.0,214.0,273.0,3248.0,109.0,138.0,63.0,540.0
2023-02-01,4034.0,270.0,227.0,285.0,3238.0,115.0,131.0,59.0,561.0
2023-02-02,4070.0,265.0,178.0,291.0,3359.0,115.0,139.0,61.0,518.0
2023-02-03,4108.0,271.0,119.0,308.0,3390.0,116.0,139.0,66.0,479.0
2023-02-04,4077.0,282.0,78.0,304.0,3400.0,110.0,139.0,66.0,434.0
2023-02-05,3971.0,263.0,97.0,322.0,3305.0,102.0,139.0,56.0,471.0
2023-02-06,4110.0,296.0,109.0,309.0,3400.0,102.0,139.0,61.0,467.0
2023-02-07,4164.0,319.0,69.0,306.0,3474.0,99.0,139.0,69.0,429.0
2023-02-08,4221.0,326.0,73.0,318.0,3514.0,97.0,139.0,66.0,442.0
2023-02-09,4229.0,323.0,118.0,304.0,3500.0,106.0,139.0,67.0,473.0
2023-02-10,4205.0,301.0,151.0,319.0,3444.0,110.0,139.0,66.0,522.0
2023-02-11,4195.0,326.0,98.0,320.0,3457.0,109.0,139.0,64.0,468.0
2023-02-12,4069.0,276.0,176.0,333.0,3298.0,108.0,139.0,55.0,559.0
2023-02-13,4162.0,294.0,175.0,345.0,3311.0,111.0,139.0,60.0,573.0
2023-02-14,4214.0,329.0,76.0,337.0,3461.0,113.0,139.0,67.0,461.0
2023-02-15,4256.0,345.0,64.0,339.0,3508.0,110.0,139.0,63.0,453.0
2023-02-16,4267.0,340.0,106.0,321.0,3512.0,112.0,139.0,71.0,476.0
2023-02-17,4316.0,346.0,94.0,336.0,3545.0,112.0,139.0,78.0,478.0
2023-02-18,4263.0,340.0,79.0,328.0,3529.0,112.0,133.0,73.0,455.0
2023-02-19,4138.0,318.0,83.0,330.0,3420.0,110.0,133.0,67.0,463.0
2023-02-20,4281.0,342.0,127.0,327.0,3487.0,108.0,133.0,69.0,508.0
2023-02-21,4318.0,364.0,111.0,331.0,3513.0,108.0,128.0,71.0,492.0
2023-02-22,4330.0,343.0,109.0,321.0,3570.0,112.0,128.0,77.0,479.0
2023-02-23,4325.0,327.0,103.0,326.0,3581.0,111.0,128.0,66.0,479.0
2023-02-24,4348.0,348.0,83.0,318.0,3613.0,110.0,122.0,65.0,452.0
2023-02-25,4330.0,348.0,104.0,333.0,3564.0,107.0,117.0,63.0,488.0
2023-02-26,4198.0,294.0,135.0,329.0,3485.0,99.0,120.0,54.0,516.0
2023-02-27,4311.0,312.0,115.0,326.0,3582.0,103.0,124.0,62.0,489.0
2023-02-28,4333.0,326.0,149.0,311.0,3568.0,99.0,127.0,67.0,476.0
2023-03-01,4325.0,295.0,169.0,311.0,3550.0,109.0,127.0,69.0,534.0
2023-03-02,4370.0,281.0,190.0,319.0,3583.0,110.0,127.0,68.0,562.0
2023-03-03,4393.0,285.0,183.0,315.0,3631.0,99.0,132.0,65.0,551.0
2023-03-04,4381.0,274.0,194.0,289.0,3648.0,101.0,133.0,66.0,539.0
2023-03-05,4218.0,245.0,154.0,319.0,3469.0,101.0,129.0,56.0,530.0
2023-03-06,4270.0,264.0,134.0,315.0,3570.0,108.0,133.0,63.0,508.0
2023-03-07,4051.0,250.0,167.0,302.0,3337.0,106.0,140.0,58.0,526.0
2023-03-08,3871.0,237.0,157.0,324.0,3149.0,104.0,145.0,50.0,538.0
2023-03-09,4005.0,265.0,137.0,315.0,3290.0,108.0,144.0,42.0,502.0
2023-03-10,4225.0,283.0,114.0,330.0,3506.0,112.0,133.0,45.0,502.0
2023-03-11,4271.0,270.0,118.0,333.0,3562.0,108.0,140.0,46.0,509.0
2023-03-12,4176.0,254.0,138.0,307.0,3502.0,114.0,136.0,46.0,495.0
2023-03-13,4341.0,287.0,123.0,302.0,3634.0,118.0,145.0,55.0,479.0
2023-03-14,4381.0,296.0,91.0,319.0,3681.0,122.0,145.0,67.0,468.0
2023-03-15,4355.0,305.0,109.0,244.0,3695.0,122.0,146.0,80.0,412.0
2023-03-16,4209.0,268.0,94.0,249.0,3580.0,122.0,144.0,64.0,404.0
2023-03-17,3980.0,249.0,117.0,242.0,3370.0,116.0,133.0,60.0,419.0
2023-03-18,3794.0,236.0,109.0,277.0,3177.0,110.0,133.0,59.0,446.0
2023-03-19,3514.0,217.0,154.0,277.0,2876.0,101.0,131.0,46.0,492.0
2023-03-20,3709.0,250.0,119.0,320.0,3030.0,101.0,131.0,52.0,498.0
2023-03-21,3836.0,276.0,97.0,335.0,3133.0,102.0,131.0,56.0,492.0
2023-03-22,3915.0,269.0,98.0,325.0,3249.0,106.0,132.0,56.0,476.0
2023-03-23,4012.0,260.0,113.0,324.0,3336.0,110.0,132.0,56.0,492.0
2023-03-24,4080.0,265.0,196.0,314.0,3321.0,112.0,132.0,50.0,566.0
2023-03-25,4077.0,269.0,110.0,309.0,3420.0,115.0,133.0,49.0,504.0
2023-03-26,3935.0,235.0,125.0,318.0,3275.0,114.0,133.0,48.0,496.0
2023-03-27,4112.0,263.0,113.0,344.0,3405.0,120.0,133.0,49.0,511.0
2023-03-28,4226.0,291.0,100.0,342.0,3553.0,116.0,133.0,60.0,495.0
2023-03-29,4269.0,289.0,130.0,300.0,3581.0,115.0,133.0,59.0,482.0
2023-03-30,4187.0,259.0,148.0,274.0,3544.0,115.0,135.0,57.0,473.0
2023-03-31,4033.0,233.0,152.0,325.0,3336.0,121.0,139.0,55.0,531.0
2023-04-01,3935.0,232.0,145.0,333.0,3216.0,118.0,139.0,56.0,532.0
2023-04-02,3874.0,235.0,162.0,340.0,3131.0,115.0,135.0,55.0,554.0
2023-04-03,4097.0,276.0,189.0,331.0,3293.0,118.0,134.0,59.0,575.0
2023-04-04,4181.0,291.0,132.0,326.0,3437.0,117.0,134.0,62.0,507.0
2023-04-05,4205.0,321.0,178.0,334.0,3388.0,113.0,134.0,60.0,559.0
2023-04-06,4232.0,314.0,184.0,326.0,3436.0,112.0,134.0,58.0,558.0
2023-04-07,4222.0,287.0,183.0,315.0,3506.0,107.0,133.0,58.0,548.0
2023-04-08,4241.0,266.0,143.0,323.0,3530.0,110.0,127.0,59.0,519.0
2023-04-09,4151.0,259.0,121.0,332.0,3458.0,108.0,134.0,54.0,503.0
2023-04-10,4348.0,279.0,125.0,329.0,3646.0,108.0,135.0,61.0,507.0
2023-04-11,4452.0,316.0,115.0,302.0,3755.0,107.0,135.0,64.0,470.0
2023-04-12,4555.0,300.0,122.0,343.0,3823.0,104.0,135.0,68.0,520.0
2023-04-13,4592.0,320.0,120.0,330.0,3849.0,101.0,135.0,68.0,503.0
2023-04-14,4594.0,309.0,149.0,325.0,3856.0,95.0,135.0,56.0,527.0
2023-04-15,4561.0,327.0,153.0,317.0,3814.0,93.0,135.0,52.0,526.0
2023-04-16,4480.0,317.0,127.0,343.0,3745.0,92.0,135.0,58.0,492.0
2023-04-17,4721.0,350.0,143.0,341.0,3886.0,96.0,135.0,111.0,537.0
2023-04-18,4836.0,358.0,137.0,333.0,3988.0,102.0,134.0,132.0,524.0
2023-04-19,4792.0,369.0,165.0,317.0,3906.0,107.0,134.0,129.0,536.0
2023-04-20,4753.0,401.0,199.0,322.0,3872.0,102.0,116.0,71.0,576.0
2023-04-21,4578.0,374.0,175.0,337.0,3740.0,102.0,110.0,73.0,565.0
2023-04-22,4396.0,326.0,165.0,322.0,3636.0,99.0,110.0,69.0,537.0
2023-04-23,4084.0,297.0,159.0,340.0,3324.0,77.0,111.0,68.0,545.0
2023-04-24,4247.0,315.0,108.0,339.0,3526.0,94.0,111.0,72.0,498.0
2023-04-25,4335.0,303.0,126.0,319.0,3637.0,105.0,111.0,69.0,495.0
2023-04-26,4378.0,316.0,157.0,297.0,3662.0,106.0,111.0,72.0,503.0
2023-04-27,4361.0,327.0,116.0,277.0,3683.0,104.0,113.0,72.0,442.0
2023-04-28,4343.0,332.0,106.0,269.0,3642.0,113.0,127.0,71.0,425.0
2023-04-29,4211.0,316.0,88.0,272.0,3537.0,109.0,136.0,69.0,405.0
2023-04-30,3824.0,298.0,102.0,274.0,3184.0,92.0,131.0,63.0,415.0
2023-05-01,3604.66,318.68,85.58,289.27,2937.07,88.52,130.45,62.09,413.55
2023-05-02,3706.96,350.14,99.4,288.76,2975.87,96.04,132.93,69.66,431.84
2023-05-03,3804.05,344.39,105.21,300.31,3056.874,93.52,128.14,61.38,452.06
2023-05-04,3851.04,352.496,95.9,309.47,3126.95,82.86,125.69,59.1,448.25
2023-05-05,4002.94,374.29,107.76,296.28,3238.77,91.72,121.92,70.01,446.51
2023-05-06,4109.14,360.0,120.41,310.34,3326.0,88.0,134.54,72.0,475.0
2023-05-07,3997.99,353.1,146.99,298.68,3228.51,89.39,121.89,46.98,485.19
2023-05-08,4235.13,363.87,142.17,324.34,3460.19,88.81,116.97,55.9,509.94
2023-05-09,4375.74,369.32,114.207,337.443,3616.56,87.06,115.97,72.17,494.77
2023-05-10,4406.21,345.93,103.55,351.2,3685.24,84.48,123.01,76.89,499.24
2023-05-11,4508.34,341.22,157.98,339.2,3699.74,88.63,124.76,90.91,540.0
2023-05-12,4580.78,348.45,249.08,336.11,3686.79,88.71,123.18,90.63,627.06
2023-05-13,4618.71,358.07,354.42,325.41,3650.26,89.22,123.42,70.31,720.61
2023-05-14,4433.01,346.02,379.37,331.69,3418.59,87.62,123.44,71.45,750.89
2023-05-15,4596.21,370.61,418.61,331.1,3524.08,87.36,125.65,75.58,788.75
2023-05-16,4669.06,384.0,326.9,338.73,3674.68,90.09,123.68,78.99,704.68
2023-05-17,4776.92,412.0,263.47,342.98,3801.08,89.73,120.71,99.48,648.24
2023-05-18,4585.13,423.8,208.21,338.6,3635.77,93.82,115.48,118.09,591.51
2023-05-19,4752.64,413.64,188.81,330.67,3864.901,93.93,115.1,102.1,563.17
2023-05-20,4787.74,431.18,248.53,324.39,3812.601,88.52,115.15,106.75,616.52
2023-05-21,4602.23,404.97,267.1,324.18,3694.4,84.86,109.43,59.07,627.17
2023-05-22,4734.58,423.34,237.96,335.44,3778.0,84.49,112.81,111.1,607.51
2023-05-23,4799.48,450.92,250.41,330.26,3825.868,77.65,113.07,115.74,612.72
2023-05-24,4588.91,446.71,350.57,327.42,3496.04,73.91,111.14,116.0,708.54
2023-05-25,4448.1,432.24,442.91,326.11,3320.93,78.98,113.54,69.12,799.08
2023-05-26,4293.77,464.38,454.12,327.96,3118.46,77.02,113.77,62.65,811.98
2023-05-27,4296.32,470.21,371.3,317.69,3166.0,81.2,113.45,58.94,718.4
2023-05-28,4218.31,433.33,283.03,273.71,3277.25,79.06,113.61,50.17,586.63
2023-05-29,4357.03,446.17,134.78,303.17,3565.71,79.39,113.42,51.32,465.73
2023-05-30,4381.72,421.842,136.91,260.37,3645.26,78.46,112.47,62.93,429.13
2023-05-31,4441.05,431.06,171.97,332.61,3571.18,78.18,112.0,88.32,536.73
2023-06-01,4458.0,434.0,313.0,294.0,3522.0,72.0,111.0,52.0,636.0
2023-06-02,4560.0,452.0,318.0,317.0,3569.0,79.0,112.0,45.0,670.0
2023-06-03,4663.0,449.0,281.0,323.0,3713.0,83.0,112.0,61.0,630.0
2023-06-04,4335.0,388.0,319.0,286.0,3427.0,81.0,112.0,53.0,631.0
2023-06-05,4622.0,397.0,324.0,329.0,3646.0,91.0,107.0,75.0,683.0
2023-06-06,4715.0,418.0,349.0,313.0,3682.0,91.0,107.0,114.0,711.0
2023-06-07,4757.0,400.0,340.0,320.0,3746.0,91.0,107.0,115.0,688.0
2023-06-08,4860.0,391.0,381.0,329.0,3811.0,93.0,107.0,113.0,735.0
2023-06-09,4913.0,405.0,410.0,332.0,3780.0,100.0,106.0,151.0,770.0
2023-06-10,4848.0,416.0,439.0,327.0,3714.0,99.0,106.0,135.0,793.0
2023-06-11,4614.0,460.0,407.0,321.0,3505.0,97.0,106.0,73.0,761.0
2023-06-12,4817.0,484.0,450.0,326.0,3591.0,100.0,106.0,108.0,816.0
2023-06-13,4914.0,510.0,503.0,323.0,3570.0,97.0,107.0,135.0,861.0
2023-06-14,4851.58,541.65,532.52,324.19,3478.0,95.88,107.16,100.84,886.35
2023-06-15,4789.86,572.32,415.6,311.9,3530.0,94.37,109.85,83.75,762.34
2023-06-16,4842.84,554.14,398.83,272.06,3625.98,98.93,107.74,119.73,705.28
2023-06-17,4850.35,562.94,423.65,227.89,3631.0,96.45,109.39,134.79,683.29
2023-06-18,4606.87,552.68,383.45,259.7,3418.0,99.38,111.25,123.48,662.53
2023-06-19,4721.79,569.7,304.01,299.01,3560.0,105.2,111.81,130.07,623.07
2023-06-20,4789.76,599.93,310.83,299.97,3563.0,105.66,112.48,125.56,639.73
2023-06-21,4834.93,608.63,291.09,294.69,3618.34,105.68,115.32,129.39,616.95
2023-06-22,4866.39,612.67,303.89,297.25,3615.0,110.19,124.63,134.89,629.35
2023-06-23,4888.96,609.64,342.29,285.59,3609.0,104.07,125.41,133.68,657.04
2023-06-24,4756.19,589.0,352.23,272.17,3524.79,102.55,126.5,124.25,656.65
2023-06-25,4272.31,560.0,271.75,262.031,3213.01,97.4,127.51,78.15,562.44
2023-06-26,4320.06,574.17,359.53,255.8,3193.55,90.99,126.64,57.2,643.76
2023-06-27,4402.83,597.72,326.33,264.9,3259.09,97.47,124.56,54.47,621.06
2023-06-28,4392.91,596.6,353.57,265.78,3268.63,98.04,122.3,55.13,650.14
2023-06-29,4355.77,622.25,394.62,266.11,3114.95,97.93,122.18,51.07,692.24
2023-06-30,4310.64,625.23,419.49,282.59,2993.48,93.07,126.68,52.31,731.93
2023-07-01,4399.85,631.5,378.29,287.81,3122.0,96.68,122.62,47.06,688.73
2023-07-02,4357.48,640.69,325.41,288.21,3149.0,90.01,122.57,48.08,646.39
2023-07-03,4599.0,657.72,313.16,296.12,3392.0,93.52,122.13,62.12,634.5
2023-07-04,4686.14,651.38,364.18,281.65,3451.13,90.01,122.36,67.66,673.2
2023-07-05,4546.6,636.14,357.62,267.76,3340.821,85.16,116.32,67.19,653.72
2023-07-06,4387.46,619.33,352.07,234.16,3241.0,81.24,116.46,67.76,615.21
2023-07-07,4403.67,620.89,346.93,229.48,3267.01,79.22,117.66,67.32,604.09
2023-07-08,4235.38,622.65,342.49,230.03,2900.04,64.82,107.59,43.01,596.84
2023-07-09,4033.82,492.5,312.79,259.02,3007.59,90.35,117.89,50.73,595.42
2023-07-10,4273.78,428.3,308.98,258.87,3333.0,94.26,113.56,58.27,593.13
2023-07-11,4359.06,453.83,330.87,257.94,3380.97,95.6,112.5,59.15,614.96
2023-07-12,4494.44,514.0,329.86,284.74,3442.0,90.55,115.55,57.25,642.07
2023-07-13,4574.17,564.53,353.77,295.4,3396.5,93.34,119.21,82.87,676.92
2023-07-14,4615.76,610.86,380.36,293.71,3355.32,99.86,122.03,85.3,700.49
2023-07-15,4596.18,619.58,418.22,290.09,3289.34,95.94,122.33,82.6,733.3
2023-07-16,4388.25,588.68,364.47,268.41,3198.96,93.74,122.49,63.49,657.91
2023-07-17,4594.5,637.37,364.21,257.09,3371.9,97.9,122.31,72.59,646.26
2023-07-18,4609.63,641.97,441.94,239.75,3311.93,96.94,121.97,82.16,708.44
2023-07-19,4570.11,655.15,464.98,219.38,3240.58,97.25,125.05,94.03,713.65
2023-07-20,4643.35,673.55,442.98,245.24,3318.67,93.2,126.68,89.46,712.25
2023-07-21,4701.71,676.16,432.54,237.36,3373.33,94.38,127.49,91.93,706.71
2023-07-22,4559.93,661.92,433.41,225.57,3237.97,92.21,130.97,93.39,700.97
2023-07-23,4444.08,688.724,409.5,236.67,3090.24,87.39,141.01,80.94,689.48
2023-07-24,4646.69,736.32,401.28,224.88,3283.67,87.67,138.96,84.98,665.02
2023-07-25,4598.03,715.31,374.34,183.5,3309.7,91.85,140.15,89.7,589.23
2023-07-26,4462.64,729.58,373.06,200.84,3153.36,90.6,144.19,87.62,603.81
2023-07-27,4458.87,748.45,448.54,182.42,3074.38,86.81,144.65,87.88,672.28
2023-07-28,4450.91,754.63,497.33,234.61,2936.0,78.29,143.37,75.0,759.43
2023-07-29,4334.94,749.91,541.14,263.93,2780.39,78.58,142.96,59.04,839.27
2023-07-30,4341.98,757.4,466.25,278.44,2841.87,84.52,143.08,55.12,778.09
2023-07-31,4627.63,780.03,492.69,280.68,3055.91,87.07,142.84,67.23,808.67
2023-08-01,4699.71,759.38,586.53,278.35,3035.12,92.54,142.75,87.73,895.04
2023-08-02,4606.66,742.94,610.52,251.79,2959.56,88.54,142.98,79.29,893.42
2023-08-03,4606.88,776.19,571.03,246.45,3003.81,92.27,144.12,77.81,849.968
2023-08-04,4658.5,795.16,456.85,270.97,3118.72,92.42,145.65,73.88,762.57
2023-08-05,4674.42,789.17,425.37,298.33,3141.35,90.24,149.77,80.89,760.19
2023-08-06,4533.94,757.87,522.77,295.55,2951.67,81.4,150.2,72.02,853.59
2023-08-07,4686.6,805.05,547.48,280.59,3022.34,94.28,150.22,83.42,865.74
2023-08-08,4815.18,828.91,466.32,271.43,3188.15,92.31,148.62,85.49,775.29
2023-08-09,4862.54,820.29,381.4,281.11,3341.77,83.55,147.37,113.21,698.83
2023-08-10,4906.94,814.96,324.717,281.155,3405.52,79.8,149.44,144.58,644.21
2023-08-11,4977.89,814.41,265.26,290.41,3559.13,81.47,148.95,145.51,600.49
2023-08-12,5001.57,781.62,403.51,296.8,3471.305,81.03,150.44,130.52,747.07
2023-08-13,4896.1,761.44,463.83,295.46,3355.34,79.89,150.21,104.52,799.24
2023-08-14,4960.1,764.28,384.32,274.65,3502.45,81.25,150.16,112.46,701.12
2023-08-15,4827.94,780.06,282.96,280.55,3494.39,79.88,150.24,83.27,593.55
2023-08-16,5030.86,797.94,296.4,305.67,3614.36,75.46,150.25,120.89,636.48
2023-08-17,5122.4,788.59,419.62,296.05,3607.4,76.22,150.15,139.96,742.22
2023-08-18,5098.88,773.73,437.31,277.56,3589.36,77.62,150.06,129.57,749.46
2023-08-19,4960.62,758.2,411.62,254.34,3509.82,76.64,150.31,133.08,698.97
2023-08-20,4824.7,758.679,325.41,256.88,3550.28,75.92,132.09,86.37,613.18
2023-08-21,4966.35,818.99,237.07,302.49,3619.93,78.73,125.49,123.55,575.64
2023-08-22,5031.21,830.37,273.55,297.78,3605.607,79.66,126.12,171.4,605.56
2023-08-23,4898.41,757.73,413.67,284.52,3414.07,82.11,127.06,136.81,736.6
2023-08-24,4901.98,743.83,438.59,292.14,3384.89,87.5,127.15,122.92,767.79
2023-08-25,4940.12,761.39,391.33,301.43,3486.45,80.19,126.6,116.86,727.8
2023-08-26,4938.69,750.85,336.45,291.47,3551.86,80.25,121.81,119.01,675.87
2023-08-27,4872.67,716.9,376.284,308.582,3534.09,78.75,123.34,105.29,735.91
2023-08-28,5049.74,732.0,446.72,318.75,3563.5,71.03,123.3,123.09,816.0
2023-08-29,5109.27,775.86,273.2,314.44,3731.317,76.83,123.71,142.14,636.78
2023-08-30,5073.16,775.34,146.5,319.09,3790.15,76.26,130.72,153.1,480.02
2023-08-31,5125.86,763.78,127.33,320.37,3852.414,76.95,144.1,171.06,499.35
2023-09-01,5218.53,758.29,124.61,321.73,3937.965,80.39,131.11,204.53,499.37
2023-09-02,5223.94,729.556,230.24,317.43,3931.911,84.79,129.11,167.95,599.39
2023-09-03,5025.67,670.0,269.32,295.56,3742.74,99.34,129.18,153.24,622.2
2023-09-04,5028.96,655.36,363.627,262.698,3656.36,100.14,129.18,176.46,682.61
2023-09-05,4999.89,640.75,296.78,253.48,3726.15,102.64,131.89,182.31,606.292
2023-09-06,4925.7,650.22,308.59,296.83,3661.8,99.52,133.9,160.39,660.1
2023-09-07,4770.42,565.29,424.65,284.33,3476.67,86.73,148.35,113.96,756.14
2023-09-08,4680.66,567.43,440.51,269.17,3391.34,80.79,158.86,100.01,751.97
2023-09-09,4638.36,570.58,465.38,277.42,3315.868,82.06,158.95,81.15,782.1
2023-09-10,4490.32,550.89,501.1,276.41,3137.98,80.6,159.16,80.44,816.71
2023-09-11,4720.46,569.84,468.27,284.79,3383.697,83.07,158.97,86.05,790.525
2023-09-12,4855.99,600.06,406.66,300.7,3538.53,84.35,158.88,84.98,746.69
2023-09-13,4924.7,607.02,349.76,291.89,3673.61,82.35,153.4,89.42,691.41
2023-09-14,4928.5,608.87,287.36,258.14,3780.54,86.46,153.36,98.56,585.0
2023-09-15,4795.01,608.52,277.52,260.26,3660.22,85.71,153.47,96.49,577.82
2023-09-16,4653.68,588.98,372.91,270.75,3427.77,80.81,153.31,83.68,684.55
2023-09-17,4284.03,543.43,364.78,254.44,3120.83,73.35,157.48,71.67,657.5
2023-09-18,4365.73,597.8,319.185,227.97,3209.158,75.78,159.2,78.04,584.13
2023-09-19,4453.2,614.06,281.07,248.39,3312.72,75.78,158.43,81.35,566.0
2023-09-20,4611.2,610.61,240.66,277.16,3482.25,73.9,158.54,85.86,555.74
2023-09-21,4635.84,622.86,183.63,272.16,3540.99,80.72,158.67,124.16,492.68
2023-09-22,4555.75,611.47,149.0,280.37,3496.14,71.58,158.92,116.81,467.99
2023-09-23,4402.73,623.83,189.3,295.71,3318.79,74.04,158.18,81.37,521.69
2023-09-24,4198.49,589.3,232.098,277.74,3089.943,79.97,154.35,70.78,549.098
2023-09-25,4351.57,599.98,175.52,290.42,3277.75,81.65,154.12,78.46,505.48
2023-09-26,4518.12,591.47,150.15,287.94,3476.94,88.4,153.84,87.09,477.33
2023-09-27,4585.98,581.11,169.99,279.17,3552.7,89.84,154.48,81.61,487.08
2023-09-28,4572.53,546.291,191.38,296.48,3550.79,87.31,158.94,68.18,527.1
2023-09-29,4572.66,510.191,205.11,297.53,3575.42,89.13,149.54,79.26,542.23
2023-09-30,4506.86,494.59,223.0,296.32,3501.27,84.08,154.68,75.47,558.31
2023-10-01,4317.23,406.0,265.14,284.48,3254.54,81.59,156.37,65.42,586.17
2023-10-02,4244.52,485.57,224.75,290.18,3181.33,86.96,151.57,77.85,552.26
2023-10-03,4426.35,501.14,184.03,319.74,3422.54,89.57,149.18,73.02,544.4
2023-10-04,4517.33,492.7,178.97,323.67,3525.59,82.63,142.87,76.56,538.61
2023-10-05,4557.99,488.41,177.35,326.97,3554.81,82.07,143.85,107.41,538.38
2023-10-06,4651.17,494.27,190.37,334.27,3623.62,82.56,135.79,119.91,561.36
2023-10-07,4662.45,511.326,145.94,329.5,3649.52,77.49,123.72,143.25,514.13
2023-10-08,4617.45,477.88,125.62,323.21,3673.06,71.8,130.27,139.96,488.12
2023-10-09,4734.92,482.49,143.32,316.52,3738.45,67.23,146.19,179.29,497.56
2023-10-10,4763.78,477.02,132.29,313.81,3752.38,71.85,147.03,204.07,483.62
2023-10-11,4779.05,483.88,79.95,308.49,3817.71,72.61,147.17,200.34,425.06
2023-10-12,4758.44,471.08,87.09,311.01,3816.13,73.27,147.83,181.47,454.99
2023-10-13,4773.15,456.04,84.86,317.04,3835.48,81.7,147.43,183.46,438.36
2023-10-14,4720.93,430.7,104.06,304.79,3755.68,88.34,144.2,148.64,447.46
2023-10-15,4494.2,408.4,97.63,300.89,3686.71,81.67,148.97,92.51,432.23
2023-10-16,4415.27,414.87,114.9,248.36,3634.59,80.84,148.49,125.0,398.69
2023-10-17,4371.99,409.08,98.38,278.52,3603.44,85.32,148.29,99.08,415.05
2023-10-18,4461.36,386.43,76.93,316.35,3706.45,84.39,148.91,100.39,430.082
2023-10-19,4502.98,372.72,61.39,307.56,3786.9,84.64,149.38,95.84,408.32
2023-10-20,4493.49,359.02,73.58,303.41,3776.72,86.5,149.15,95.22,411.94
2023-10-21,4441.45,338.25,74.14,305.71,3728.16,95.16,149.1,91.08,418.44
2023-10-22,4298.14,327.14,76.86,299.91,3607.65,100.42,149.52,66.76,415.09
2023-10-23,4263.9,319.98,87.86,311.43,3566.39,100.37,145.64,69.36,433.96
2023-10-24,4141.97,314.03,70.33,313.46,3461.36,98.34,144.34,56.19,421.46
2023-10-25,4312.69,319.57,69.0,314.25,3641.03,97.99,140.21,67.87,421.05
2023-10-26,4448.82,327.1,77.5,318.56,3763.37,99.46,138.79,68.18,434.04
2023-10-27,4439.38,313.07,83.48,316.17,3756.94,99.06,138.78,71.66,436.75
2023-10-28,4395.42,326.4,71.85,277.0,3753.7,102.84,138.88,60.39,383.94
2023-10-29,4233.14,281.1,75.75,288.63,3614.83,101.35,139.13,48.77,404.45
2023-10-30,4332.06,308.88,96.75,274.07,3685.99,102.45,139.05,65.4,411.81
2023-10-31,4378.24,315.13,103.77,264.83,3743.05,101.63,139.08,60.92,414.08
2023-11-01,4354.75,286.91,79.01,263.95,3769.84,101.07,139.44,65.7,387.05
2023-11-02,4368.69,291.58,70.04,275.18,3777.06,102.52,139.58,64.13,391.55
2023-11-03,4370.17,283.19,73.66,259.45,3801.62,88.97,143.64,64.56,381.22
2023-11-04,4309.5,274.49,75.39,252.63,3758.81,88.24,142.51,64.4,371.96
2023-11-05,4107.17,249.59,78.75,257.05,3572.28,94.18,142.62,50.12,379.22
2023-11-06,4191.41,257.58,66.56,251.48,3636.66,102.98,145.48,57.48,367.0
2023-11-07,4200.62,278.52,52.54,240.86,3646.32,109.82,141.73,60.13,349.88
2023-11-08,4199.35,276.0,47.0,228.0,3661.15,107.64,144.0,59.14,332.0
2023-11-09,4159.83,263.46,46.58,224.08,3652.21,103.42,146.58,57.14,325.34
2023-11-10,4115.49,254.0,91.41,270.22,3511.64,99.28,148.66,56.01,416.39
2023-11-11,3938.29,237.53,185.5,281.61,3235.67,91.43,148.72,53.06,519.45
2023-11-12,3581.43,218.35,146.83,301.46,2897.0,89.58,148.35,46.31,501.213
2023-11-13,3466.67,221.03,126.46,272.72,2824.83,91.72,148.12,45.49,451.04
2023-11-14,3624.08,218.22,124.32,239.36,3040.04,89.05,147.61,44.32,416.79
